Date,Time,Comp,Round,Day,Venue,Result,GF,GA,Opponent,xG,xGA,Poss,Attendance,Captain,Formation,Opp Formation,Referee,Team
2024-08-17,15:00,Premier League,Matchweek 1,Sat,Home,W,2,0,Wolves,1.2,0.5,53,60261,Martin Ødegaard,4-3-3,4-2-3-1,Jarred Gillett,Arsenal
2024-08-24,17:30,Premier League,Matchweek 2,Sat,Away,W,2,0,Aston Villa,0.9,1.2,60,41587,Martin Ødegaard,4-3-3,4-4-2,Michael Oliver,Arsenal
2024-08-31,12:30,Premier League,Matchweek 3,Sat,Home,D,1,1,Brighton,2.1,1.7,36,60326,Martin Ødegaard,4-3-3,4-2-3-1,Chris Kavanagh,Arsenal
2024-09-15,14:00,Premier League,Matchweek 4,Sun,Away,W,1,0,Tottenham,0.7,0.7,37,61645,Jorginho,4-4-2,4-3-3,Jarred Gillett,Arsenal
2024-09-19,21:00,Champions Lg,League phase,Thu,Away,D,0,0,Atalanta,0.8,1.2,46,22858,Gabriel Jesus,4-3-3,3-4-3,Clément Turpin,Arsenal
2024-09-22,16:30,Premier League,Matchweek 5,Sun,Away,D,2,2,Manchester City,0.7,2.1,23,52846,Bukayo Saka,4-4-2,4-3-3,Michael Oliver,Arsenal
2024-09-25,19:45,EFL Cup,Third round,Wed,Home,W,5,1,Bolton,1.7,0.9,77,59056,Jorginho,4-3-3,3-5-2,Joshua Smith,Arsenal
2024-09-28,15:00,Premier League,Matchweek 6,Sat,Home,W,4,2,Leicester City,4.4,0.3,74,60323,Bukayo Saka,4-4-2,4-2-3-1,Samuel Barrott,Arsenal
2024-10-01,20:00,Champions Lg,League phase,Tue,Home,W,2,0,Paris S-G,0.7,0.4,35,60103,Bukayo Saka,4-4-2,4-3-3,Slavko Vinčič,Arsenal
2024-10-05,15:00,Premier League,Matchweek 7,Sat,Home,W,3,1,Southampton,2.8,0.6,59,60307,Jorginho,4-4-2,5-4-1,Tony Harrington,Arsenal
2024-10-19,17:30,Premier League,Matchweek 8,Sat,Away,L,0,2,Bournemouth,0.7,1.8,51,11235,Gabriel Magalhães,4-2-3-1,4-2-3-1,Robert Jones,Arsenal
2024-10-22,20:00,Champions Lg,League phase,Tue,Home,W,1,0,Shakhtar,1.8,0.7,56,59594,Gabriel Jesus,4-4-2,4-2-3-1,Benoît Bastien,Arsenal
2024-10-27,16:30,Premier League,Matchweek 9,Sun,Home,D,2,2,Liverpool,0.9,0.8,45,60383,Bukayo Saka,4-4-2,4-2-3-1,Anthony Taylor,Arsenal
2024-10-30,19:45,EFL Cup,Fourth round,Wed,Away,W,3,0,Preston,1.7,0.9,74,21811,Jorginho,4-3-3,4-2-3-1,Peter Bankes,Arsenal
2024-11-02,12:30,Premier League,Matchweek 10,Sat,Away,L,0,1,Newcastle Utd,1.1,0.5,63,52249,Bukayo Saka,4-4-2,4-3-3,John Brooks,Arsenal
2024-11-06,21:00,Champions Lg,League phase,Wed,Away,L,0,1,Inter,1.8,1.1,62,75222,Bukayo Saka,4-4-2,3-5-2,István Kovács,Arsenal
2024-11-10,16:30,Premier League,Matchweek 11,Sun,Away,D,1,1,Chelsea,1.5,1.5,51,39780,Martin Ødegaard,4-3-3,4-2-3-1,Michael Oliver,Arsenal
2024-11-23,15:00,Premier League,Matchweek 12,Sat,Home,W,3,0,Nott'ham Forest,1.2,0.3,66,60298,Martin Ødegaard,4-3-3,4-2-3-1,Simon Hooper,Arsenal
2024-11-26,20:00,Champions Lg,League phase,Tue,Away,W,5,1,Sporting CP,4.0,1.0,48,47386,Martin Ødegaard,4-3-3,3-4-3,Szymon Marciniak,Arsenal
2024-11-30,17:30,Premier League,Matchweek 13,Sat,Away,W,5,2,West Ham,3.5,1.5,60,62475,Martin Ødegaard,4-3-3,4-2-3-1,Anthony Taylor,Arsenal
2024-12-04,20:15,Premier League,Matchweek 14,Wed,Home,W,2,0,Manchester Utd,2.1,0.2,51,60256,Martin Ødegaard,4-3-3,3-4-3,Samuel Barrott,Arsenal
2024-12-08,14:00,Premier League,Matchweek 15,Sun,Away,D,1,1,Fulham,1.8,0.2,66,26954,Martin Ødegaard,4-3-3,4-2-3-1,Chris Kavanagh,Arsenal
2024-12-11,20:00,Champions Lg,League phase,Wed,Home,W,3,0,Monaco,2.3,0.5,54,60157,Martin Ødegaard,4-3-3,4-2-3-1,Davide Massa,Arsenal
2024-12-14,15:00,Premier League,Matchweek 16,Sat,Home,D,0,0,Everton,1.2,0.1,76,60176,Martin Ødegaard,4-3-3,4-3-3,Craig Pawson,Arsenal
2024-12-18,19:30,EFL Cup,Quarter-finals,Wed,Home,W,3,2,Crystal Palace,1.7,0.9,71,38998,Jorginho,4-3-3,3-4-3,Andy Madley,Arsenal
2024-12-21,17:30,Premier League,Matchweek 17,Sat,Away,W,5,1,Crystal Palace,2.5,1.6,58,25167,Martin Ødegaard,4-3-3,3-4-3,Simon Hooper,Arsenal
2024-12-27,20:15,Premier League,Matchweek 18,Fri,Home,W,1,0,Ipswich Town,1.8,0.2,68,60271,Martin Ødegaard,4-3-3,5-4-1,Darren England,Arsenal
2025-01-01,17:30,Premier League,Matchweek 19,Wed,Away,W,3,1,Brentford,1.9,0.3,50,47190,Martin Ødegaard,4-3-3,4-3-1-2,Peter Bankes,Arsenal
2025-01-04,17:30,Premier League,Matchweek 20,Sat,Away,D,1,1,Brighton,0.9,1.5,55,31714,Jorginho,4-3-3,4-2-3-1,Anthony Taylor,Arsenal
2025-01-07,20:00,EFL Cup,Semi-finals,Tue,Home,L,0,2,Newcastle Utd,1.7,0.9,70,59125,Martin Ødegaard,4-3-3,4-3-3,John Brooks,Arsenal
2025-01-12,15:00,FA Cup,Third round proper,Sun,Home,L,3,5,Manchester Utd,1.7,0.9,51,60109,Martin Ødegaard,4-3-3,3-4-3,Andy Madley,Arsenal
2025-01-15,20:00,Premier League,Matchweek 21,Wed,Home,W,2,1,Tottenham,1.4,0.8,53,60287,Martin Ødegaard,4-3-3,4-3-3,Simon Hooper,Arsenal
2025-01-18,17:30,Premier League,Matchweek 22,Sat,Home,D,2,2,Aston Villa,1.3,1.0,66,60067,Martin Ødegaard,4-3-3,4-2-3-1,Chris Kavanagh,Arsenal
2025-01-22,20:00,Champions Lg,League phase,Wed,Home,W,3,0,Dinamo Zagreb,2.4,0.1,63,60024,Martin Ødegaard,4-3-3,5-4-1,Daniel Siebert,Arsenal
2025-01-25,15:00,Premier League,Matchweek 23,Sat,Away,W,1,0,Wolves,1.0,0.7,49,31503,Gabriel Magalhães,4-3-3,3-4-3,Michael Oliver,Arsenal
2025-01-29,21:00,Champions Lg,League phase,Wed,Away,W,2,1,Girona,2.1,0.7,61,9048,Martin Ødegaard,4-3-3,4-2-3-1,Maurizio Mariani,Arsenal
2025-02-02,16:30,Premier League,Matchweek 24,Sun,Home,W,5,1,Manchester City,1.0,0.8,46,60355,Martin Ødegaard,4-3-3,4-2-3-1,Peter Bankes,Arsenal
2025-02-05,20:00,EFL Cup,Semi-finals,Wed,Away,L,0,2,Newcastle Utd,1.7,0.9,68,52173,Martin Ødegaard,4-3-3,5-4-1,Simon Hooper,Arsenal
2025-02-15,12:30,Premier League,Matchweek 25,Sat,Away,W,2,0,Leicester City,1.4,0.2,60,31968,Martin Ødegaard,4-3-3,4-2-3-1,Samuel Barrott,Arsenal
2025-02-22,15:00,Premier League,Matchweek 26,Sat,Home,L,0,1,West Ham,1.2,1.1,68,60262,Martin Ødegaard,4-3-3,5-3-2,Craig Pawson,Arsenal
2025-02-26,19:30,Premier League,Matchweek 27,Wed,Away,D,0,0,Nott'ham Forest,1.0,0.4,64,30200,Martin Ødegaard,4-3-3,4-2-3-1,Andy Madley,Arsenal
2025-03-04,21:00,Champions Lg,Round of 16,Tue,Away,W,7,1,PSV Eindhoven,1.9,1.4,47,34400,Martin Ødegaard,4-3-3,4-2-3-1,Jesús Gil,Arsenal
2025-03-09,16:30,Premier League,Matchweek 28,Sun,Away,D,1,1,Manchester Utd,1.6,1.5,68,73812,Martin Ødegaard,4-3-3,3-4-3,Anthony Taylor,Arsenal
2025-03-12,20:00,Champions Lg,Round of 16,Wed,Home,D,2,2,PSV Eindhoven,1.2,1.6,51,59410,Jorginho,4-3-3,4-3-3,Rade Obrenović,Arsenal
2025-03-16,13:30,Premier League,Matchweek 29,Sun,Home,W,1,0,Chelsea,0.7,0.4,42,60311,Martin Ødegaard,4-3-3,4-2-3-1,Chris Kavanagh,Arsenal
2025-04-01,19:45,Premier League,Matchweek 30,Tue,Home,W,2,1,Fulham,2.2,1.0,51,60256,Martin Ødegaard,4-3-3,3-4-3,John Brooks,Arsenal
2025-04-05,12:30,Premier League,Matchweek 31,Sat,Away,D,1,1,Everton,1.8,1.1,69,39316,Jorginho,4-3-3,4-2-3-1,Darren England,Arsenal
2025-04-08,20:00,Champions Lg,Quarter-finals,Tue,Home,W,3,0,Real Madrid,1.5,0.5,53,60110,Martin Ødegaard,4-3-3,4-4-2,Irfan Peljto,Arsenal
2025-04-12,17:30,Premier League,Matchweek 32,Sat,Home,D,1,1,Brentford,1.0,0.2,63,60184,Jorginho,4-3-3,4-4-2,Simon Hooper,Arsenal
2025-04-16,21:00,Champions Lg,Quarter-finals,Wed,Away,W,2,1,Real Madrid,2.0,1.4,34,77073,Martin Ødegaard,4-3-3,4-2-3-1,François Letexier,Arsenal
2025-04-20,14:00,Premier League,Matchweek 33,Sun,Away,W,4,0,Ipswich Town,2.4,0.2,75,29549,Martin Ødegaard,4-3-3,4-4-1-1,Chris Kavanagh,Arsenal
2025-04-23,20:00,Premier League,Matchweek 34,Wed,Home,D,2,2,Crystal Palace,1.2,1.7,67,60167,Martin Ødegaard,4-3-3,3-4-3,Michael Salisbury,Arsenal
2025-04-29,20:00,Champions Lg,Semi-finals,Tue,Home,L,0,1,Paris S-G,1.7,1.2,49,59664,Martin Ødegaard,4-3-3,4-3-3,Slavko Vinčič,Arsenal
2025-05-03,17:30,Premier League,Matchweek 35,Sat,Home,L,1,2,Bournemouth,1.4,0.9,51,60110,Martin Ødegaard,4-3-3,4-2-3-1,Jarred Gillett,Arsenal
2025-05-07,21:00,Champions Lg,Semi-finals,Wed,Away,L,1,2,Paris S-G,2.8,1.7,54,47511,Martin Ødegaard,4-3-3,4-3-3,Felix Zwayer,Arsenal
2025-05-11,16:30,Premier League,Matchweek 36,Sun,Away,D,2,2,Liverpool,2.6,2.4,55,60324,Martin Ødegaard,4-3-3,4-2-3-1,Anthony Taylor,Arsenal
2025-05-18,16:30,Premier League,Matchweek 37,Sun,Home,W,1,0,Newcastle Utd,0.6,1.5,51,60160,Martin Ødegaard,4-3-3,3-4-3,Simon Hooper,Arsenal
2025-05-25,16:00,Premier League,Matchweek 38,Sun,Away,W,2,1,Southampton,2.3,0.6,62,31289,Declan Rice,4-2-3-1,5-4-1,Darren Bond,Arsenal
2024-08-17,17:30,Premier League,Matchweek 1,Sat,Away,W,2,1,West Ham,2.0,2.3,48,62463,John McGinn,4-2-3-1,4-1-4-1,Tony Harrington,Aston Villa
2024-08-31,15:00,Premier League,Matchweek 3,Sat,Away,W,2,1,Leicester City,1.4,0.4,43,31725,John McGinn,4-4-2,4-2-3-1,David Coote,Aston Villa
2024-09-14,17:30,Premier League,Matchweek 4,Sat,Home,W,3,2,Everton,2.1,0.9,72,41573,John McGinn,4-2-3-1,4-2-3-1,Craig Pawson,Aston Villa
2024-09-17,18:45,Champions Lg,League phase,Tue,Away,W,3,0,Young Boys,2.0,0.6,53,31500,John McGinn,4-2-3-1,4-2-3-1,Georgi Kabakov,Aston Villa
2024-09-21,15:00,Premier League,Matchweek 5,Sat,Home,W,3,1,Wolves,1.7,0.5,53,39978,John McGinn,4-2-3-1,4-1-4-1,Tim Robinson,Aston Villa
2024-09-24,20:00,EFL Cup,Third round,Tue,Away,W,2,1,Wycombe,1.5,1.3,71,8158,Emi Buendía,4-2-3-1,4-1-4-1,John Busby,Aston Villa
2024-09-29,14:00,Premier League,Matchweek 6,Sun,Away,D,2,2,Ipswich Town,0.8,1.2,56,29943,Emiliano Martínez,4-2-3-1,4-2-3-1,Stuart Attwell,Aston Villa
2024-10-02,20:00,Champions Lg,League phase,Wed,Home,W,1,0,Bayern Munich,0.4,1.5,30,38991,Emiliano Martínez,4-2-3-1,4-2-3-1,Radu Petrescu,Aston Villa
2024-10-06,14:00,Premier League,Matchweek 7,Sun,Home,D,0,0,Manchester Utd,0.5,0.6,53,42682,Emiliano Martínez,4-2-3-1,4-2-3-1,Robert Jones,Aston Villa
2024-10-19,15:00,Premier League,Matchweek 8,Sat,Away,W,3,1,Fulham,1.6,1.8,48,26743,Emiliano Martínez,4-2-3-1,4-2-3-1,Darren England,Aston Villa
2024-10-22,20:00,Champions Lg,League phase,Tue,Home,W,2,0,Bologna,1.2,0.9,53,41847,John McGinn,4-2-3-1,4-3-3,João Pinheiro,Aston Villa
2024-10-26,15:00,Premier League,Matchweek 9,Sat,Home,D,1,1,Bournemouth,1.8,0.3,57,42165,John McGinn,4-4-1-1,4-2-3-1,Chris Kavanagh,Aston Villa
2024-10-30,19:45,EFL Cup,Fourth round,Wed,Home,L,1,2,Crystal Palace,1.5,1.3,62,38998,John McGinn,4-2-3-1,3-4-3,Samuel Barrott,Aston Villa
2024-11-03,14:00,Premier League,Matchweek 10,Sun,Away,L,1,4,Tottenham,1.8,2.4,49,61253,John McGinn,4-2-3-1,4-3-3,Craig Pawson,Aston Villa
2024-11-06,18:45,Champions Lg,League phase,Wed,Away,L,0,1,Club Brugge,0.4,1.4,56,23466,John McGinn,4-2-3-1,4-2-3-1,Tobias Stieler,Aston Villa
2024-11-09,20:00,Premier League,Matchweek 11,Sat,Away,L,0,2,Liverpool,1.2,2.0,38,60292,Emiliano Martínez,4-2-3-1,4-2-3-1,David Coote,Aston Villa
2024-11-23,15:00,Premier League,Matchweek 12,Sat,Home,D,2,2,Crystal Palace,3.0,1.3,69,42175,John McGinn,4-2-3-1,3-4-3,Tim Robinson,Aston Villa
2024-11-27,20:00,Champions Lg,League phase,Wed,Home,D,0,0,Juventus,1.2,0.4,46,42589,John McGinn,4-2-3-1,4-2-3-1,Jesús Gil,Aston Villa
2024-12-01,13:30,Premier League,Matchweek 13,Sun,Away,L,0,3,Chelsea,1.2,1.6,36,40853,John McGinn,4-2-3-1,4-2-3-1,Stuart Attwell,Aston Villa
2024-12-04,20:15,Premier League,Matchweek 14,Wed,Home,W,3,1,Brentford,2.4,0.9,49,42148,John McGinn,4-2-3-1,4-3-3,Lewis Smith,Aston Villa
2024-12-07,15:00,Premier League,Matchweek 15,Sat,Home,W,1,0,Southampton,2.3,0.3,47,42453,John McGinn,4-2-3-1,5-3-2,Darren Bond,Aston Villa
2024-12-10,21:00,Champions Lg,League phase,Tue,Away,W,3,2,RB Leipzig,2.1,2.2,53,40406,John McGinn,4-2-3-1,4-4-2,Maurizio Mariani,Aston Villa
2024-12-14,17:30,Premier League,Matchweek 16,Sat,Away,L,1,2,Nott'ham Forest,0.4,1.7,50,30117,John McGinn,4-2-3-1,4-2-3-1,Samuel Barrott,Aston Villa
2024-12-21,12:30,Premier League,Matchweek 17,Sat,Home,W,2,1,Manchester City,1.6,1.0,44,42345,John McGinn,4-2-3-1,4-2-3-1,Peter Bankes,Aston Villa
2024-12-26,15:00,Premier League,Matchweek 18,Thu,Away,L,0,3,Newcastle Utd,0.3,2.7,38,52168,John McGinn,4-2-3-1,4-3-3,Anthony Taylor,Aston Villa
2024-12-30,19:45,Premier League,Matchweek 19,Mon,Home,D,2,2,Brighton,1.8,1.1,59,41414,John McGinn,4-2-3-1,4-2-3-1,Craig Pawson,Aston Villa
2025-01-04,15:00,Premier League,Matchweek 20,Sat,Home,W,2,1,Leicester City,1.4,0.4,60,42386,John McGinn,4-2-3-1,4-2-3-1,Jarred Gillett,Aston Villa
2025-01-10,20:00,FA Cup,Third round proper,Fri,Home,W,2,1,West Ham,1.5,1.3,51,40989,Tyrone Mings,4-2-3-1,4-2-3-1,Tim Robinson,Aston Villa
2025-01-15,19:30,Premier League,Matchweek 21,Wed,Away,W,1,0,Everton,1.2,1.1,50,39085,Emiliano Martínez,4-2-3-1,4-2-3-1,Samuel Barrott,Aston Villa
2025-01-21,18:45,Champions Lg,League phase,Tue,Away,L,0,1,Monaco,0.9,1.5,61,13508,Emiliano Martínez,4-2-3-1,4-2-3-1,Slavko Vinčič,Aston Villa
2025-01-26,16:30,Premier League,Matchweek 23,Sun,Home,D,1,1,West Ham,0.9,1.3,46,41628,Emiliano Martínez,4-2-3-1,3-4-3,Peter Bankes,Aston Villa
2025-01-29,20:00,Champions Lg,League phase,Wed,Home,W,4,2,sct Celtic,3.9,0.8,58,42824,Emiliano Martínez,4-2-3-1,4-3-3,Clément Turpin,Aston Villa
2025-02-01,17:30,Premier League,Matchweek 24,Sat,Away,L,0,2,Wolves,0.4,1.6,68,31385,John McGinn,4-2-3-1,3-4-3,Andy Madley,Aston Villa
2025-02-09,17:35,FA Cup,Fourth round proper,Sun,Home,W,2,1,Tottenham,1.5,1.3,52,40773,John McGinn,4-2-3-1,4-2-3-1,Anthony Taylor,Aston Villa
2025-02-15,15:00,Premier League,Matchweek 25,Sat,Home,D,1,1,Ipswich Town,2.4,0.4,75,42510,John McGinn,4-2-3-1,4-2-3-1,Robert Jones,Aston Villa
2025-02-19,19:30,Premier League,Matchweek 29,Wed,Home,D,2,2,Liverpool,0.6,2.5,52,41910,John McGinn,4-2-3-1,4-2-3-1,Craig Pawson,Aston Villa
2025-02-22,17:30,Premier League,Matchweek 26,Sat,Home,W,2,1,Chelsea,2.3,2.3,52,42423,John McGinn,4-2-3-1,4-2-3-1,Michael Oliver,Aston Villa
2025-02-25,19:30,Premier League,Matchweek 27,Tue,Away,L,1,4,Crystal Palace,0.4,4.3,64,24712,John McGinn,3-4-3,3-4-3,Samuel Barrott,Aston Villa
2025-02-28,20:00,FA Cup,Fifth round proper,Fri,Home,W,2,0,Cardiff City,1.5,1.3,68,40175,John McGinn,4-2-3-1,3-4-3,Peter Bankes,Aston Villa
2025-03-04,18:45,Champions Lg,Round of 16,Tue,Away,W,3,1,Club Brugge,1.4,1.1,44,26890,John McGinn,4-2-3-1,4-2-3-1,João Pinheiro,Aston Villa
2025-03-08,17:30,Premier League,Matchweek 28,Sat,Away,W,1,0,Brentford,1.3,0.8,41,17171,John McGinn,4-2-3-1,4-2-3-1,Jarred Gillett,Aston Villa
2025-03-12,20:00,Champions Lg,Round of 16,Wed,Home,W,3,0,Club Brugge,2.4,0.1,53,42461,John McGinn,4-2-3-1,4-2-3-1,Daniel Siebert,Aston Villa
2025-03-30,13:30,FA Cup,Quarter-finals,Sun,Away,W,3,0,Preston,1.5,1.3,71,22198,Emiliano Martínez,4-2-3-1,3-5-2,Chris Kavanagh,Aston Villa
2025-04-02,19:45,Premier League,Matchweek 30,Wed,Away,W,3,0,Brighton,1.2,0.9,44,27895,John McGinn,4-2-3-1,4-2-3-1,Stuart Attwell,Aston Villa
2025-04-05,17:30,Premier League,Matchweek 31,Sat,Home,W,2,1,Nott'ham Forest,3.0,1.5,52,42743,Emiliano Martínez,4-2-3-1,3-4-1-2,Simon Hooper,Aston Villa
2025-04-09,21:00,Champions Lg,Quarter-finals,Wed,Away,L,1,3,Paris S-G,0.9,1.9,25,47681,John McGinn,4-2-3-1,4-3-3,Maurizio Mariani,Aston Villa
2025-04-12,15:00,Premier League,Matchweek 32,Sat,Away,W,3,0,Southampton,3.0,0.3,60,30199,Emiliano Martínez,4-2-3-1,3-4-3,Thomas Bramall,Aston Villa
2025-04-15,20:00,Champions Lg,Quarter-finals,Tue,Home,W,3,2,Paris S-G,1.8,1.5,35,42535,John McGinn,4-2-3-1,4-3-3,Jose Maria Sánchez,Aston Villa
2025-04-19,17:30,Premier League,Matchweek 33,Sat,Home,W,4,1,Newcastle Utd,2.2,1.0,48,42618,John McGinn,4-2-3-1,4-3-3,Jarred Gillett,Aston Villa
2025-04-22,20:00,Premier League,Matchweek 34,Tue,Away,L,1,2,Manchester City,1.8,1.3,39,51834,Emiliano Martínez,4-2-3-1,4-1-4-1,Craig Pawson,Aston Villa
2025-04-26,17:15,FA Cup,Semi-finals,Sat,Away,L,0,3,Crystal Palace,1.5,1.3,70,82301,John McGinn,4-2-3-1,3-4-3,Anthony Taylor,Aston Villa
2025-05-03,12:30,Premier League,Matchweek 35,Sat,Home,W,1,0,Fulham,1.0,0.9,52,42515,John McGinn,4-2-3-1,4-2-3-1,Robert Jones,Aston Villa
2025-05-10,17:30,Premier League,Matchweek 36,Sat,Away,W,1,0,Bournemouth,1.0,0.8,34,11187,Emiliano Martínez,4-2-3-1,4-2-3-1,Stuart Attwell,Aston Villa
2025-05-16,19:30,Premier League,Matchweek 37,Fri,Home,W,2,0,Tottenham,1.4,0.5,67,42239,John McGinn,4-2-3-1,4-2-3-1,Peter Bankes,Aston Villa
2025-05-25,16:00,Premier League,Matchweek 38,Sun,Away,L,0,2,Manchester Utd,0.4,2.9,33,73839,John McGinn,4-2-3-1,3-4-3,Thomas Bramall,Aston Villa
2024-08-17,15:00,Premier League,Matchweek 1,Sat,Away,D,1,1,Nott'ham Forest,1.2,1.3,47,29763,Neto,4-2-3-1,4-2-3-1,Michael Oliver,Bournemouth
2024-08-25,14:00,Premier League,Matchweek 2,Sun,Home,D,1,1,Newcastle Utd,2.2,1.6,39,11161,Neto,4-2-3-1,4-3-3,David Coote,Bournemouth
2024-08-28,19:45,EFL Cup,Second round,Wed,Away,L,0,1,West Ham,1.7,1.3,52,47381,Neto,4-2-3-1,4-1-4-1,Peter Bankes,Bournemouth
2024-08-31,15:00,Premier League,Matchweek 3,Sat,Away,W,3,2,Everton,2.4,1.8,53,38805,Lewis Cook,4-2-3-1,4-2-3-1,Stuart Attwell,Bournemouth
2024-09-14,20:00,Premier League,Matchweek 4,Sat,Home,L,0,1,Chelsea,1.7,0.8,34,11235,Adam Smith,4-2-3-1,4-2-3-1,Anthony Taylor,Bournemouth
2024-09-21,15:00,Premier League,Matchweek 5,Sat,Away,L,0,3,Liverpool,1.1,2.0,42,60347,Lewis Cook,4-2-3-1,4-2-3-1,Tony Harrington,Bournemouth
2024-09-30,20:00,Premier League,Matchweek 6,Mon,Home,W,3,1,Southampton,1.3,0.6,40,11243,Adam Smith,4-2-3-1,4-2-3-1,Michael Oliver,Bournemouth
2024-10-05,15:00,Premier League,Matchweek 7,Sat,Away,L,0,1,Leicester City,2.1,0.8,55,31706,Adam Smith,4-2-3-1,4-2-3-1,Darren Bond,Bournemouth
2024-11-02,15:00,Premier League,Matchweek 10,Sat,Home,W,2,1,Manchester City,2.0,1.6,36,11231,Adam Smith,4-2-3-1,4-1-4-1,Michael Oliver,Bournemouth
2024-11-09,15:00,Premier League,Matchweek 11,Sat,Away,L,2,3,Brentford,2.6,1.5,49,16587,Adam Smith,4-2-3-1,4-3-3,Darren Bond,Bournemouth
2024-11-23,15:00,Premier League,Matchweek 12,Sat,Home,L,1,2,Brighton,1.6,0.9,55,11196,Adam Smith,4-2-3-1,4-2-3-1,Stuart Attwell,Bournemouth
2024-11-30,15:00,Premier League,Matchweek 13,Sat,Away,W,4,2,Wolves,3.3,0.5,40,26685,Adam Smith,4-2-3-1,4-2-3-1,Peter Bankes,Bournemouth
2024-12-05,20:15,Premier League,Matchweek 14,Thu,Home,W,1,0,Tottenham,3.5,0.9,35,11234,Adam Smith,4-2-3-1,4-3-3,Simon Hooper,Bournemouth
2024-12-08,14:00,Premier League,Matchweek 15,Sun,Away,W,2,1,Ipswich Town,3.2,1.3,56,29180,Adam Smith,4-2-3-1,4-2-3-1,Michael Salisbury,Bournemouth
2024-12-16,20:00,Premier League,Matchweek 16,Mon,Home,D,1,1,West Ham,1.9,2.1,52,11204,Adam Smith,4-2-3-1,4-1-4-1,Chris Kavanagh,Bournemouth
2024-12-22,14:00,Premier League,Matchweek 17,Sun,Away,W,3,0,Manchester Utd,1.6,2.2,40,73720,Adam Smith,4-2-3-1,3-4-3,Craig Pawson,Bournemouth
2024-12-26,15:00,Premier League,Matchweek 18,Thu,Home,D,0,0,Crystal Palace,1.4,0.4,52,11129,Lewis Cook,4-2-3-1,3-4-3,Thomas Bramall,Bournemouth
2024-12-29,15:00,Premier League,Matchweek 19,Sun,Away,D,2,2,Fulham,2.0,1.1,48,27301,Lewis Cook,4-2-3-1,4-5-1,Robert Jones,Bournemouth
2025-01-04,15:00,Premier League,Matchweek 20,Sat,Home,W,1,0,Everton,1.8,0.7,58,11223,Lewis Cook,4-2-3-1,4-2-3-1,John Brooks,Bournemouth
2025-01-11,15:00,FA Cup,Third round proper,Sat,Home,W,5,1,West Brom,1.7,1.3,51,10916,David Brooks,4-2-3-1,4-4-2,John Busby,Bournemouth
2025-01-14,19:30,Premier League,Matchweek 21,Tue,Away,D,2,2,Chelsea,1.2,2.5,43,39092,Lewis Cook,4-2-3-1,4-2-3-1,Robert Jones,Bournemouth
2025-01-18,12:30,Premier League,Matchweek 22,Sat,Away,W,4,1,Newcastle Utd,2.0,0.8,44,52227,Lewis Cook,4-2-3-1,4-3-3,Stuart Attwell,Bournemouth
2025-01-25,15:00,Premier League,Matchweek 23,Sat,Home,W,5,0,Nott'ham Forest,1.7,1.0,50,11228,Lewis Cook,4-2-3-1,4-2-3-1,Craig Pawson,Bournemouth
2025-02-01,15:00,Premier League,Matchweek 24,Sat,Home,L,0,2,Liverpool,1.6,2.5,49,11239,Lewis Cook,4-2-3-1,4-2-3-1,Darren England,Bournemouth
2025-02-08,15:00,FA Cup,Fourth round proper,Sat,Away,W,2,0,Everton,1.7,1.3,42,38909,Lewis Cook,4-2-3-1,4-2-3-1,John Brooks,Bournemouth
2025-02-15,15:00,Premier League,Matchweek 25,Sat,Away,W,3,1,Southampton,1.2,0.8,56,31037,Lewis Cook,4-2-3-1,3-4-1-2,Jarred Gillett,Bournemouth
2025-02-22,15:00,Premier League,Matchweek 26,Sat,Home,L,0,1,Wolves,0.9,2.0,46,11206,Lewis Cook,4-2-3-1,3-4-3,Michael Salisbury,Bournemouth
2025-02-25,19:30,Premier League,Matchweek 27,Tue,Away,L,1,2,Brighton,1.5,2.4,56,31138,Lewis Cook,4-2-3-1,4-2-3-1,Michael Oliver,Bournemouth
2025-03-01,15:00,FA Cup,Fifth round proper,Sat,Home,W,5,4,Wolves,1.7,1.3,67,11021,Lewis Cook,4-2-3-1,3-4-3,Chris Kavanagh,Bournemouth
2025-03-09,14:00,Premier League,Matchweek 28,Sun,Away,D,2,2,Tottenham,2.2,1.5,39,61178,Lewis Cook,4-2-3-1,4-3-3,John Brooks,Bournemouth
2025-03-15,17:30,Premier League,Matchweek 29,Sat,Home,L,1,2,Brentford,1.6,0.8,58,11180,Lewis Cook,4-2-3-1,4-2-3-1,Craig Pawson,Bournemouth
2025-03-30,16:30,FA Cup,Quarter-finals,Sun,Home,L,1,2,Manchester City,1.7,1.3,36,10954,Lewis Cook,4-2-3-1,4-3-3,Stuart Attwell,Bournemouth
2025-04-02,19:45,Premier League,Matchweek 30,Wed,Home,L,1,2,Ipswich Town,1.8,1.2,63,11192,Adam Smith,4-2-3-1,4-2-3-1,Robert Jones,Bournemouth
2025-04-05,15:00,Premier League,Matchweek 31,Sat,Away,D,2,2,West Ham,2.1,0.7,44,62459,Adam Smith,4-2-3-1,4-2-3-1,Tim Robinson,Bournemouth
2025-04-14,20:00,Premier League,Matchweek 32,Mon,Home,W,1,0,Fulham,1.4,1.0,41,11195,Adam Smith,4-2-3-1,4-2-3-1,Michael Oliver,Bournemouth
2025-04-19,15:00,Premier League,Matchweek 33,Sat,Away,D,0,0,Crystal Palace,0.7,0.4,71,25185,Adam Smith,4-2-3-1,3-4-3,Samuel Barrott,Bournemouth
2025-04-27,14:00,Premier League,Matchweek 34,Sun,Home,D,1,1,Manchester Utd,0.5,2.3,39,11241,Adam Smith,4-2-3-1,3-4-3,Peter Bankes,Bournemouth
2025-05-20,20:00,Premier League,Matchweek 37,Tue,Away,L,1,3,Manchester City,1.1,1.5,43,52487,Lewis Cook,4-2-3-1,4-2-3-1,Thomas Bramall,Bournemouth
2025-05-25,16:00,Premier League,Matchweek 38,Sun,Home,W,2,0,Leicester City,1.6,0.3,63,11238,Adam Smith,4-2-3-1,4-2-3-1,Lewis Smith,Bournemouth
2024-08-18,14:00,Premier League,Matchweek 1,Sun,Home,W,2,1,Crystal Palace,1.6,1.2,46,16988,Christian Nørgaard,4-3-3,3-4-3,Samuel Barrott,Brentford
2024-08-25,16:30,Premier League,Matchweek 2,Sun,Away,L,0,2,Liverpool,0.5,2.5,38,60017,Christian Nørgaard,4-4-2,4-2-3-1,Stuart Attwell,Brentford
2024-08-28,19:45,EFL Cup,Second round,Wed,Away,W,1,0,Colchester Utd,1.6,1.5,72,6716,Vitaly Janelt,4-2-3-1,3-1-4-2,Oussama Edderkaoui,Brentford
2024-08-31,15:00,Premier League,Matchweek 3,Sat,Home,W,3,1,Southampton,2.8,1.5,37,16955,Christian Nørgaard,4-3-3,3-5-2,Joshua Smith,Brentford
2024-09-14,15:00,Premier League,Matchweek 4,Sat,Away,L,1,2,Manchester City,1.0,2.1,46,52148,Christian Nørgaard,5-3-2,4-2-3-1,Darren Bond,Brentford
2024-09-17,19:45,EFL Cup,Third round,Tue,Home,W,3,1,Leyton Orient,1.6,1.5,63,13634,Christian Nørgaard,4-3-3,4-1-4-1,Lewis Smith,Brentford
2024-09-21,15:00,Premier League,Matchweek 5,Sat,Away,L,1,3,Tottenham,0.8,3.5,52,61246,Vitaly Janelt,5-3-2,4-3-3,John Brooks,Brentford
2024-09-28,15:00,Premier League,Matchweek 6,Sat,Home,D,1,1,West Ham,0.4,1.0,57,17050,Vitaly Janelt,4-4-2,4-1-4-1,Simon Hooper,Brentford
2024-10-05,15:00,Premier League,Matchweek 7,Sat,Home,W,5,3,Wolves,4.2,1.0,44,16960,Christian Nørgaard,4-2-3-1,4-1-4-1,Andy Madley,Brentford
2024-10-19,15:00,Premier League,Matchweek 8,Sat,Away,L,1,2,Manchester Utd,0.9,1.3,50,73738,Christian Nørgaard,4-2-3-1,4-2-3-1,Samuel Barrott,Brentford
2024-10-26,15:00,Premier League,Matchweek 9,Sat,Home,W,4,3,Ipswich Town,4.0,1.3,65,17109,Christian Nørgaard,4-2-3-1,4-2-3-1,Lewis Smith,Brentford
2024-10-29,20:00,EFL Cup,Fourth round,Tue,Home,W,5,4,Sheffield Weds,1.6,1.5,70,16701,Mathias Jensen,4-2-3-1,3-4-3,Will Finnie,Brentford
2024-11-04,20:00,Premier League,Matchweek 10,Mon,Away,L,1,2,Fulham,0.6,1.3,32,24931,Christian Nørgaard,4-2-3-1,4-2-3-1,Stuart Attwell,Brentford
2024-11-23,15:00,Premier League,Matchweek 12,Sat,Away,D,0,0,Everton,1.1,1.2,41,38915,Christian Nørgaard,4-3-3,4-2-3-1,Chris Kavanagh,Brentford
2024-11-30,15:00,Premier League,Matchweek 13,Sat,Home,W,4,1,Leicester City,2.4,1.1,60,17084,Christian Nørgaard,4-2-3-1,3-4-3,Michael Oliver,Brentford
2024-12-07,15:00,Premier League,Matchweek 15,Sat,Home,W,4,2,Newcastle Utd,1.2,1.5,43,17078,Christian Nørgaard,3-4-3,4-3-3,Simon Hooper,Brentford
2024-12-15,19:00,Premier League,Matchweek 16,Sun,Away,L,1,2,Chelsea,1.6,2.2,38,39571,Christian Nørgaard,3-5-2,4-2-3-1,Peter Bankes,Brentford
2024-12-18,19:45,EFL Cup,Quarter-finals,Wed,Away,L,1,3,Newcastle Utd,1.6,1.5,46,51765,Vitaly Janelt,3-4-3,4-3-3,Samuel Barrott,Brentford
2024-12-21,15:00,Premier League,Matchweek 17,Sat,Home,L,0,2,Nott'ham Forest,0.7,0.9,64,17115,Christian Nørgaard,4-3-3,3-4-3,Michael Oliver,Brentford
2024-12-27,19:30,Premier League,Matchweek 18,Fri,Away,D,0,0,Brighton,1.1,1.3,43,31548,Christian Nørgaard,4-2-3-1,4-2-3-1,Andy Madley,Brentford
2025-01-04,15:00,Premier League,Matchweek 20,Sat,Away,W,5,0,Southampton,4.4,0.3,50,31001,Christian Nørgaard,4-3-3,3-4-3,Stuart Attwell,Brentford
2025-01-11,15:00,FA Cup,Third round proper,Sat,Home,L,0,1,Plymouth Argyle,1.6,1.5,51,16790,Mathias Jensen,4-4-2,3-4-3,Ben Toner,Brentford
2025-01-14,19:30,Premier League,Matchweek 21,Tue,Home,D,2,2,Manchester City,2.5,2.2,45,17048,Christian Nørgaard,4-3-3,4-2-3-1,Anthony Taylor,Brentford
2025-01-18,15:00,Premier League,Matchweek 22,Sat,Home,L,0,2,Liverpool,0.7,3.4,40,17215,Christian Nørgaard,4-2-3-1,4-2-3-1,Andy Madley,Brentford
2025-01-26,14:00,Premier League,Matchweek 23,Sun,Away,W,2,1,Crystal Palace,1.3,1.1,53,25066,Christian Nørgaard,4-2-3-1,3-4-3,Tony Harrington,Brentford
2025-02-02,14:00,Premier League,Matchweek 24,Sun,Home,L,0,2,Tottenham,2.1,0.8,54,17154,Christian Nørgaard,4-2-3-1,4-2-3-1,Jarred Gillett,Brentford
2025-02-15,15:00,Premier League,Matchweek 25,Sat,Away,W,1,0,West Ham,1.6,0.8,42,62415,Christian Nørgaard,4-2-3-1,4-2-3-1,Darren England,Brentford
2025-02-21,20:00,Premier League,Matchweek 26,Fri,Away,W,4,0,Leicester City,1.5,0.5,52,31077,Christian Nørgaard,4-2-3-1,4-2-3-1,Tony Harrington,Brentford
2025-02-26,19:30,Premier League,Matchweek 27,Wed,Home,D,1,1,Everton,1.4,1.5,52,17082,Vitaly Janelt,4-2-3-1,4-2-3-1,Simon Hooper,Brentford
2025-04-02,19:45,Premier League,Matchweek 30,Wed,Away,L,1,2,Newcastle Utd,1.5,1.3,51,52021,Christian Nørgaard,4-2-3-1,4-3-3,Peter Bankes,Brentford
2025-04-06,14:00,Premier League,Matchweek 31,Sun,Home,D,0,0,Chelsea,1.1,1.2,42,17183,Christian Nørgaard,4-2-3-1,4-2-3-1,Michael Oliver,Brentford
2025-04-19,15:00,Premier League,Matchweek 33,Sat,Home,W,4,2,Brighton,2.1,1.4,47,17083,Christian Nørgaard,4-2-3-1,4-2-3-1,Tim Robinson,Brentford
2025-05-01,19:30,Premier League,Matchweek 34,Thu,Away,W,2,0,Nott'ham Forest,1.3,0.9,45,29040,Christian Nørgaard,4-2-3-1,4-2-3-1,Darren England,Brentford
2025-05-04,14:00,Premier League,Matchweek 35,Sun,Home,W,4,3,Manchester Utd,2.8,1.5,47,18915,Christian Nørgaard,4-2-3-1,3-4-3,Anthony Taylor,Brentford
2025-05-10,15:00,Premier League,Matchweek 36,Sat,Away,W,1,0,Ipswich Town,1.4,0.9,51,29511,Christian Nørgaard,4-2-3-1,4-2-3-1,Samuel Barrott,Brentford
2025-05-18,15:00,Premier League,Matchweek 37,Sun,Home,L,2,3,Fulham,2.5,1.0,51,17136,Christian Nørgaard,4-2-3-1,4-2-3-1,Jarred Gillett,Brentford
2025-05-25,16:00,Premier League,Matchweek 38,Sun,Away,D,1,1,Wolves,1.4,1.0,51,31382,Christian Nørgaard,4-2-3-1,3-4-3,Craig Pawson,Brentford
2024-08-17,15:00,Premier League,Matchweek 1,Sat,Away,W,3,0,Everton,1.4,0.5,60,39217,Lewis Dunk,4-2-3-1,4-2-3-1,Simon Hooper,Brighton
2024-08-24,12:30,Premier League,Matchweek 2,Sat,Home,W,2,1,Manchester Utd,2.1,1.4,48,31537,Lewis Dunk,4-2-3-1,4-2-3-1,Craig Pawson,Brighton
2024-08-27,19:45,EFL Cup,Second round,Tue,Home,W,4,0,Crawley Town,1.5,1.4,44,19175,Adam Webster,4-2-3-1,3-4-3,Alex Chilowicz,Brighton
2024-09-14,15:00,Premier League,Matchweek 4,Sat,Home,D,0,0,Ipswich Town,1.6,0.3,68,41573,Lewis Dunk,4-4-2,4-2-3-1,Samuel Barrott,Brighton
2024-09-18,19:45,EFL Cup,Third round,Wed,Home,W,3,2,Wolves,1.5,1.4,54,16018,Jason Steele,4-4-2,4-2-3-1,John Brooks,Brighton
2024-09-22,14:00,Premier League,Matchweek 5,Sun,Home,D,2,2,Nott'ham Forest,1.0,1.4,70,31444,Lewis Dunk,4-2-3-1,4-2-3-1,Robert Jones,Brighton
2024-09-28,15:00,Premier League,Matchweek 6,Sat,Away,L,2,4,Chelsea,1.1,4.2,59,39495,Lewis Dunk,4-3-3,4-2-3-1,Peter Bankes,Brighton
2024-10-06,16:30,Premier League,Matchweek 7,Sun,Home,W,3,2,Tottenham,1.8,1.3,41,31487,Lewis Dunk,4-2-3-1,4-3-3,David Coote,Brighton
2024-10-19,15:00,Premier League,Matchweek 8,Sat,Away,W,1,0,Newcastle Utd,1.1,2.0,40,52220,Lewis Dunk,4-4-2,4-3-3,Peter Bankes,Brighton
2024-10-26,15:00,Premier League,Matchweek 9,Sat,Home,D,2,2,Wolves,1.3,1.3,51,31840,Danny Welbeck,4-4-2,3-4-3,Michael Oliver,Brighton
2024-10-30,19:30,EFL Cup,Fourth round,Wed,Home,L,2,3,Liverpool,1.5,1.4,45,28441,Jason Steele,4-2-3-1,4-4-2,Darren Bond,Brighton
2024-11-02,15:00,Premier League,Matchweek 10,Sat,Away,L,1,2,Liverpool,1.0,1.6,51,60331,Danny Welbeck,4-4-2,4-2-3-1,Tony Harrington,Brighton
2024-11-09,17:30,Premier League,Matchweek 11,Sat,Home,W,2,1,Manchester City,2.3,2.1,40,31715,Danny Welbeck,4-4-2,4-1-4-1,Samuel Barrott,Brighton
2024-11-29,20:00,Premier League,Matchweek 13,Fri,Home,D,1,1,Southampton,1.7,1.0,53,31542,Danny Welbeck,4-4-2,5-4-1,Robert Jones,Brighton
2024-12-05,19:30,Premier League,Matchweek 14,Thu,Away,L,1,3,Fulham,1.4,1.1,57,26368,Lewis Dunk,3-4-3,4-2-3-1,Peter Bankes,Brighton
2024-12-08,14:00,Premier League,Matchweek 15,Sun,Away,D,2,2,Leicester City,1.5,1.3,44,31647,Lewis Dunk,4-2-3-1,4-2-3-1,Stuart Attwell,Brighton
2024-12-15,14:00,Premier League,Matchweek 16,Sun,Home,L,1,3,Crystal Palace,1.0,2.2,64,30893,Lewis Dunk,4-2-3-1,3-4-3,Michael Oliver,Brighton
2024-12-21,15:00,Premier League,Matchweek 17,Sat,Away,D,1,1,West Ham,0.9,1.2,53,62460,Lewis Dunk,4-2-3-1,4-1-4-1,Robert Jones,Brighton
2025-01-11,15:00,FA Cup,Third round proper,Sat,Away,W,4,0,Norwich City,1.5,1.4,51,24738,Jason Steele,4-2-3-1,4-3-3,Simon Hooper,Brighton
2025-01-16,19:30,Premier League,Matchweek 21,Thu,Away,W,2,0,Ipswich Town,1.0,0.3,53,29403,Adam Webster,4-1-4-1,4-2-3-1,Tony Harrington,Brighton
2025-01-19,14:00,Premier League,Matchweek 22,Sun,Away,W,3,1,Manchester Utd,1.9,1.5,49,73758,Lewis Dunk,4-4-2,3-4-3,Peter Bankes,Brighton
2025-01-25,15:00,Premier League,Matchweek 23,Sat,Home,L,0,1,Everton,0.7,0.8,69,31087,Lewis Dunk,4-2-3-1,4-2-3-1,Tim Robinson,Brighton
2025-02-01,12:30,Premier League,Matchweek 24,Sat,Away,L,0,7,Nott'ham Forest,0.9,3.3,62,30164,Lewis Dunk,4-1-4-1,3-5-2,Simon Hooper,Brighton
2025-02-08,20:00,FA Cup,Fourth round proper,Sat,Home,W,2,1,Chelsea,1.5,1.4,43,23279,Lewis Dunk,4-2-3-1,4-2-3-1,Jarred Gillett,Brighton
2025-02-14,20:00,Premier League,Matchweek 25,Fri,Home,W,3,0,Chelsea,1.4,0.5,31,31324,Danny Welbeck,5-4-1,4-2-3-1,Chris Kavanagh,Brighton
2025-02-22,15:00,Premier League,Matchweek 26,Sat,Away,W,4,0,Southampton,3.9,0.1,50,30775,Adam Webster,4-2-3-1,3-4-3,Darren Bond,Brighton
2025-03-02,13:45,FA Cup,Fifth round proper,Sun,Away,W,2,1,Newcastle Utd,1.5,1.4,53,51566,Adam Webster,4-2-3-1,4-3-3,Anthony Taylor,Brighton
2025-03-08,15:00,Premier League,Matchweek 28,Sat,Home,W,2,1,Fulham,1.5,0.9,53,31584,Adam Webster,4-2-3-1,3-4-3,Samuel Barrott,Brighton
2025-03-15,15:00,Premier League,Matchweek 29,Sat,Away,D,2,2,Manchester City,2.0,1.7,40,52471,Adam Webster,4-2-3-1,4-2-3-1,Simon Hooper,Brighton
2025-03-29,17:15,FA Cup,Quarter-finals,Sat,Home,L,3,4,Nott'ham Forest,1.5,1.4,53,29930,Danny Welbeck,4-2-3-1,4-2-3-1,Peter Bankes,Brighton
2025-04-05,15:00,Premier League,Matchweek 31,Sat,Away,L,1,2,Crystal Palace,1.0,0.6,62,24564,Lewis Dunk,4-2-3-1,3-4-3,Anthony Taylor,Brighton
2025-04-12,15:00,Premier League,Matchweek 32,Sat,Home,D,2,2,Leicester City,3.8,1.5,59,31150,Lewis Dunk,4-1-4-1,4-2-3-1,Darren Bond,Brighton
2025-04-26,15:00,Premier League,Matchweek 34,Sat,Home,W,3,2,West Ham,1.3,1.3,53,31499,Lewis Dunk,4-2-3-1,3-5-2,Darren England,Brighton
2025-05-04,14:00,Premier League,Matchweek 35,Sun,Home,D,1,1,Newcastle Utd,0.7,1.7,45,31580,Lewis Dunk,4-2-3-1,4-3-3,Craig Pawson,Brighton
2025-05-10,15:00,Premier League,Matchweek 36,Sat,Away,W,2,0,Wolves,1.6,0.9,44,31279,Danny Welbeck,4-2-3-1,3-4-3,Michael Oliver,Brighton
2025-05-19,20:00,Premier League,Matchweek 37,Mon,Home,W,3,2,Liverpool,2.2,2.2,49,31611,Danny Welbeck,4-2-3-1,4-2-3-1,Andy Madley,Brighton
2025-05-25,16:00,Premier League,Matchweek 38,Sun,Away,W,4,1,Tottenham,2.2,2.0,66,61449,Adam Webster,4-4-2,4-3-3,Robert Jones,Brighton
2024-08-18,16:30,Premier League,Matchweek 1,Sun,Home,L,0,2,Manchester City,1.0,0.8,48,39818,Enzo Fernández,4-2-3-1,3-2-4-1,Anthony Taylor,Chelsea
2024-08-22,20:00,Conf Lg,Play-off round,Thu,Home,W,2,0,Servette FC,1.9,1.2,51,37902,Moisés Caicedo,4-3-3,4-2-3-1,Jérémie Pignard,Chelsea
2024-08-25,14:00,Premier League,Matchweek 2,Sun,Away,W,6,2,Wolves,1.6,1.9,60,31235,Enzo Fernández,4-2-3-1,4-2-3-1,Darren England,Chelsea
2024-08-29,20:30,Conf Lg,Play-off round,Thu,Away,L,1,2,Servette FC,1.9,1.2,51,28000,Enzo Fernández,4-2-3-1,4-4-1-1,Marco Di Bello,Chelsea
2024-09-01,13:30,Premier League,Matchweek 3,Sun,Home,D,1,1,Crystal Palace,2.4,0.5,62,39298,Enzo Fernández,4-2-3-1,3-4-3,Jarred Gillett,Chelsea
2024-09-21,12:30,Premier League,Matchweek 5,Sat,Away,W,3,0,West Ham,2.2,0.9,47,62473,Enzo Fernández,4-2-3-1,3-4-3,Samuel Barrott,Chelsea
2024-09-24,19:45,EFL Cup,Third round,Tue,Home,W,5,0,Barrow,1.9,1.2,71,38868,Axel Disasi,4-2-3-1,5-3-2,Oliver Langford,Chelsea
2024-10-03,20:00,Conf Lg,League phase,Thu,Home,W,4,2,Gent,1.7,1.1,70,38546,Axel Disasi,4-2-3-1,3-4-3,Daniel Schlager,Chelsea
2024-10-06,14:00,Premier League,Matchweek 7,Sun,Home,D,1,1,Nott'ham Forest,2.3,0.9,65,39501,Enzo Fernández,4-2-3-1,4-2-3-1,Chris Kavanagh,Chelsea
2024-10-20,16:30,Premier League,Matchweek 8,Sun,Away,L,1,2,Liverpool,1.0,1.9,57,60277,Reece James,4-2-3-1,4-2-3-1,John Brooks,Chelsea
2024-10-24,19:45,Conf Lg,League phase,Thu,Away,W,4,1,Panathinaikos,2.4,1.2,60,59742,Enzo Fernández,4-2-2-2,4-2-3-1,António Nobre,Chelsea
2024-10-27,14:00,Premier League,Matchweek 9,Sun,Home,W,2,1,Newcastle Utd,1.6,1.8,50,39526,Reece James,4-2-3-1,4-3-3,Simon Hooper,Chelsea
2024-10-30,19:45,EFL Cup,Fourth round,Wed,Away,L,0,2,Newcastle Utd,1.9,1.2,66,51934,Enzo Fernández,4-2-3-1,4-3-3,Chris Kavanagh,Chelsea
2024-11-03,16:30,Premier League,Matchweek 10,Sun,Away,D,1,1,Manchester Utd,1.1,2.0,54,73813,Reece James,4-2-3-1,4-2-3-1,Robert Jones,Chelsea
2024-11-07,20:00,Conf Lg,League phase,Thu,Home,W,8,0,FC Noah,5.7,0.8,58,38305,Enzo Fernández,4-1-4-1,4-2-3-1,Christian-Petru Ciochirca,Chelsea
2024-11-23,12:30,Premier League,Matchweek 12,Sat,Away,W,2,1,Leicester City,2.7,1.1,63,31880,Enzo Fernández,4-2-3-1,4-4-1-1,Andy Madley,Chelsea
2024-11-28,18:45,Conf Lg,League phase,Thu,Away,W,2,0,Heidenheim,3.2,1.7,66,15000,Axel Disasi,4-2-3-1,4-1-4-1,Serdar Gözübüyük,Chelsea
2024-12-04,19:30,Premier League,Matchweek 14,Wed,Away,W,5,1,Southampton,5.2,1.6,55,31193,Enzo Fernández,4-2-3-1,5-3-2,Tony Harrington,Chelsea
2024-12-08,16:30,Premier League,Matchweek 15,Sun,Away,W,4,3,Tottenham,2.8,2.8,61,61184,Enzo Fernández,4-2-3-1,4-3-3,Anthony Taylor,Chelsea
2024-12-12,21:30,Conf Lg,League phase,Thu,Away,W,3,1,Astana FK,2.2,0.3,69,20982,Axel Disasi,3-4-3,5-4-1,Sven Jablonski,Chelsea
2024-12-19,20:00,Conf Lg,League phase,Thu,Home,W,5,1,Shamrock Rovers,2.5,0.5,73,38467,Axel Disasi,4-2-3-1,3-4-3,Willy Delajod,Chelsea
2024-12-22,14:00,Premier League,Matchweek 17,Sun,Away,D,0,0,Everton,1.2,1.0,75,39358,Enzo Fernández,4-2-3-1,4-3-3,Chris Kavanagh,Chelsea
2024-12-26,15:00,Premier League,Matchweek 18,Thu,Home,L,1,2,Fulham,1.1,1.8,47,39687,Enzo Fernández,4-2-3-1,4-5-1,Samuel Barrott,Chelsea
2024-12-30,19:45,Premier League,Matchweek 19,Mon,Away,L,0,2,Ipswich Town,2.0,1.6,76,29968,Enzo Fernández,4-2-3-1,5-4-1,John Brooks,Chelsea
2025-01-04,15:00,Premier League,Matchweek 20,Sat,Away,D,1,1,Crystal Palace,1.2,1.1,61,25179,Enzo Fernández,4-2-3-1,3-4-3,Tim Robinson,Chelsea
2025-01-11,15:00,FA Cup,Third round proper,Sat,Home,W,5,0,Morecambe,1.9,1.2,51,38998,Reece James,4-1-4-1,4-5-1,Andrew Kitchen,Chelsea
2025-01-20,20:00,Premier League,Matchweek 22,Mon,Home,W,3,1,Wolves,3.1,0.8,63,39221,Reece James,4-2-3-1,3-4-3,Simon Hooper,Chelsea
2025-01-25,17:30,Premier League,Matchweek 23,Sat,Away,L,1,3,Manchester City,1.8,2.2,44,52687,Reece James,4-2-3-1,4-3-3,John Brooks,Chelsea
2025-02-03,20:00,Premier League,Matchweek 24,Mon,Home,W,2,1,West Ham,1.6,1.2,68,39459,Reece James,4-2-3-1,3-4-3,Stuart Attwell,Chelsea
2025-02-25,20:15,Premier League,Matchweek 27,Tue,Home,W,4,0,Southampton,2.4,0.7,60,39485,Enzo Fernández,4-2-3-1,5-4-1,Thomas Bramall,Chelsea
2025-03-06,18:45,Conf Lg,Round of 16,Thu,Away,W,2,1,FC Copenhagen,0.4,0.5,62,35859,Reece James,4-2-3-1,5-4-1,Georgi Kabakov,Chelsea
2025-03-09,14:00,Premier League,Matchweek 28,Sun,Home,W,1,0,Leicester City,1.7,0.1,56,39750,Enzo Fernández,4-2-3-1,3-4-3,Tim Robinson,Chelsea
2025-03-13,20:00,Conf Lg,Round of 16,Thu,Home,W,1,0,FC Copenhagen,1.2,0.9,54,35280,Enzo Fernández,4-2-3-1,5-4-1,Radu Petrescu,Chelsea
2025-04-03,20:00,Premier League,Matchweek 30,Thu,Home,W,1,0,Tottenham,1.0,0.9,51,39852,Enzo Fernández,4-2-3-1,4-3-3,Craig Pawson,Chelsea
2025-04-10,18:45,Conf Lg,Quarter-finals,Thu,Away,W,3,0,Legia Warsaw,4.1,0.5,72,29055,Reece James,4-2-3-1,5-4-1,Serdar Gözübüyük,Chelsea
2025-04-13,14:00,Premier League,Matchweek 32,Sun,Home,D,2,2,Ipswich Town,2.2,1.1,73,39805,Enzo Fernández,4-2-3-1,4-2-3-1,Stuart Attwell,Chelsea
2025-04-17,20:00,Conf Lg,Quarter-finals,Thu,Home,L,1,2,Legia Warsaw,2.0,2.0,70,32549,Reece James,4-2-3-1,4-1-4-1,Alejandro Hernández,Chelsea
2025-04-20,14:00,Premier League,Matchweek 33,Sun,Away,W,2,1,Fulham,0.9,0.3,59,27712,Reece James,4-2-3-1,4-2-3-1,Anthony Taylor,Chelsea
2025-04-26,12:30,Premier League,Matchweek 34,Sat,Home,W,1,0,Everton,0.8,0.4,55,39894,Enzo Fernández,4-2-3-1,4-2-3-1,Chris Kavanagh,Chelsea
2025-05-01,21:00,Conf Lg,Semi-finals,Thu,Away,W,4,1,Djurgården,2.1,1.4,59,26703,Reece James,4-2-3-1,4-2-3-1,Sandro Schärer,Chelsea
2025-05-04,16:30,Premier League,Matchweek 35,Sun,Home,W,3,1,Liverpool,3.1,1.0,36,39829,Enzo Fernández,4-2-3-1,4-2-3-1,Simon Hooper,Chelsea
2025-05-08,20:00,Conf Lg,Semi-finals,Thu,Home,W,1,0,Djurgården,1.3,0.6,65,32464,Reece James,4-4-1-1,4-3-3,João Pinheiro,Chelsea
2025-05-11,12:00,Premier League,Matchweek 36,Sun,Away,L,0,2,Newcastle Utd,0.7,1.6,55,52231,Enzo Fernández,4-2-3-1,3-4-3,John Brooks,Chelsea
2025-05-16,20:15,Premier League,Matchweek 37,Fri,Home,W,1,0,Manchester Utd,0.8,0.3,47,39849,Reece James,4-2-3-1,3-4-3,Chris Kavanagh,Chelsea
2025-05-25,16:00,Premier League,Matchweek 38,Sun,Away,W,1,0,Nott'ham Forest,1.1,1.2,48,30263,Reece James,4-2-3-1,4-3-1-2,Anthony Taylor,Chelsea
2025-05-28,21:00,Conf Lg,Final,Wed,Neutral,W,4,1,Betis,1.3,1.1,66,39754,Enzo Fernández,4-2-3-1,4-2-3-1,Irfan Peljto,Chelsea
2024-08-24,15:00,Premier League,Matchweek 2,Sat,Home,L,0,2,West Ham,1.3,1.4,58,25099,Marc Guéhi,3-4-3,4-1-4-1,Robert Jones,Crystal Palace
2024-08-27,20:00,EFL Cup,Second round,Tue,Home,W,4,0,Norwich City,1.6,1.3,44,12503,Marc Guéhi,3-4-3,4-2-3-1,Oussama Edderkaoui,Crystal Palace
2024-09-14,15:00,Premier League,Matchweek 4,Sat,Home,D,2,2,Leicester City,2.5,1.2,66,25147,Marc Guéhi,3-4-3,4-2-3-1,Tony Harrington,Crystal Palace
2024-09-17,19:45,EFL Cup,Third round,Tue,Away,W,2,1,QPR,1.6,1.3,57,13945,Marc Guéhi,3-4-3,4-2-3-1,Sunny Singh,Crystal Palace
2024-09-21,17:30,Premier League,Matchweek 5,Sat,Home,D,0,0,Manchester Utd,1.0,1.6,33,25172,Marc Guéhi,3-4-3,4-2-3-1,David Coote,Crystal Palace
2024-09-28,15:00,Premier League,Matchweek 6,Sat,Away,L,1,2,Everton,0.9,0.9,59,38954,Marc Guéhi,3-4-3,4-2-3-1,Andy Madley,Crystal Palace
2024-10-05,12:30,Premier League,Matchweek 7,Sat,Home,L,0,1,Liverpool,0.6,1.4,32,25185,Marc Guéhi,3-4-3,4-2-3-1,Simon Hooper,Crystal Palace
2024-10-21,20:00,Premier League,Matchweek 8,Mon,Away,L,0,1,Nott'ham Forest,1.0,1.7,49,29443,Marc Guéhi,3-1-4-2,4-2-3-1,Tim Robinson,Crystal Palace
2024-10-27,14:00,Premier League,Matchweek 9,Sun,Home,W,1,0,Tottenham,0.8,0.7,34,25108,Marc Guéhi,3-4-3,4-3-3,Darren Bond,Crystal Palace
2024-11-02,17:30,Premier League,Matchweek 10,Sat,Away,D,2,2,Wolves,2.4,1.5,43,31124,Marc Guéhi,3-4-3,3-4-3,Anthony Taylor,Crystal Palace
2024-11-09,15:00,Premier League,Matchweek 11,Sat,Home,L,0,2,Fulham,1.5,1.8,36,25142,Marc Guéhi,3-4-3,4-2-3-1,Michael Salisbury,Crystal Palace
2024-11-30,15:00,Premier League,Matchweek 13,Sat,Home,D,1,1,Newcastle Utd,1.7,0.0,49,25101,Marc Guéhi,3-4-3,4-3-3,Darren England,Crystal Palace
2024-12-03,19:30,Premier League,Matchweek 14,Tue,Away,W,1,0,Ipswich Town,1.6,0.5,46,29533,Marc Guéhi,3-4-3,4-2-3-1,Craig Pawson,Crystal Palace
2024-12-07,15:00,Premier League,Matchweek 15,Sat,Home,D,2,2,Manchester City,1.3,1.4,32,25142,Marc Guéhi,3-4-3,4-2-3-1,Robert Jones,Crystal Palace
2024-12-29,15:00,Premier League,Matchweek 19,Sun,Home,W,2,1,Southampton,2.0,0.9,47,25130,Will Hughes,3-4-3,3-4-3,Michael Salisbury,Crystal Palace
2025-01-12,15:00,FA Cup,Third round proper,Sun,Home,W,1,0,Stockport,1.6,1.3,51,21104,Marc Guéhi,3-4-3,3-5-2,Stuart Attwell,Crystal Palace
2025-01-15,19:30,Premier League,Matchweek 21,Wed,Away,W,2,0,Leicester City,1.8,1.7,43,29766,Marc Guéhi,3-4-3,4-2-3-1,Andy Madley,Crystal Palace
2025-01-18,15:00,Premier League,Matchweek 22,Sat,Away,W,2,0,West Ham,1.3,0.3,47,62469,Marc Guéhi,3-4-3,3-4-3,Thomas Bramall,Crystal Palace
2025-02-02,14:00,Premier League,Matchweek 24,Sun,Away,W,2,0,Manchester Utd,2.6,1.1,34,73751,Marc Guéhi,3-4-3,3-4-3,John Brooks,Crystal Palace
2025-02-10,19:45,FA Cup,Fourth round proper,Mon,Away,W,2,0,Doncaster,1.6,1.3,60,12739,Marc Guéhi,3-4-3,4-4-2,Farai Hallam,Crystal Palace
2025-02-15,17:30,Premier League,Matchweek 25,Sat,Home,L,1,2,Everton,1.6,0.9,58,25108,Marc Guéhi,3-4-3,4-2-3-1,Anthony Taylor,Crystal Palace
2025-02-22,15:00,Premier League,Matchweek 26,Sat,Away,W,2,0,Fulham,1.3,0.2,38,26777,Marc Guéhi,3-4-3,4-2-3-1,Robert Jones,Crystal Palace
2025-03-01,12:15,FA Cup,Fifth round proper,Sat,Home,W,3,1,Millwall,1.6,1.3,76,21263,Marc Guéhi,3-4-3,4-2-3-1,Michael Oliver,Crystal Palace
2025-03-08,15:00,Premier League,Matchweek 28,Sat,Home,W,1,0,Ipswich Town,3.2,1.5,55,25155,Marc Guéhi,3-4-3,4-2-3-1,Simon Hooper,Crystal Palace
2025-03-29,12:15,FA Cup,Quarter-finals,Sat,Away,W,3,0,Fulham,1.6,1.3,29,26222,Marc Guéhi,3-4-3,4-2-3-1,Darren England,Crystal Palace
2025-04-02,19:45,Premier League,Matchweek 30,Wed,Away,D,1,1,Southampton,0.7,0.7,57,30158,Marc Guéhi,3-4-3,3-4-3,Andy Madley,Crystal Palace
2025-04-12,12:30,Premier League,Matchweek 32,Sat,Away,L,2,5,Manchester City,1.8,3.7,33,52489,Dean Henderson,3-4-3,4-2-3-1,Jarred Gillett,Crystal Palace
2025-04-16,19:30,Premier League,Matchweek 29,Wed,Away,L,0,5,Newcastle Utd,2.0,1.5,41,52197,Marc Guéhi,3-4-3,4-3-3,Darren England,Crystal Palace
2025-05-05,20:00,Premier League,Matchweek 35,Mon,Home,D,1,1,Nott'ham Forest,2.3,0.7,50,25096,Marc Guéhi,3-4-3,4-2-3-1,Andy Madley,Crystal Palace
2025-05-11,14:15,Premier League,Matchweek 36,Sun,Away,W,2,0,Tottenham,3.3,0.7,52,60254,Marc Guéhi,3-4-3,4-3-3,Chris Kavanagh,Crystal Palace
2025-05-17,16:30,FA Cup,Final,Sat,Neutral,W,1,0,Manchester City,1.6,1.3,22,84163,Marc Guéhi,3-4-3,4-2-3-1,Stuart Attwell,Crystal Palace
2025-05-20,20:00,Premier League,Matchweek 37,Tue,Home,W,4,2,Wolves,1.7,1.4,31,24766,Joel Ward,3-4-3,3-4-3,David Webb,Crystal Palace
2025-05-25,16:00,Premier League,Matchweek 38,Sun,Away,D,1,1,Liverpool,1.8,2.1,31,60382,Dean Henderson,3-4-3,4-2-3-1,Darren England,Crystal Palace
2024-08-24,15:00,Premier League,Matchweek 2,Sat,Away,L,0,4,Tottenham,1.0,2.4,30,61357,James Tarkowski,4-2-3-1,4-3-3,Anthony Taylor,Everton
2024-08-27,19:45,EFL Cup,Second round,Tue,Home,W,3,0,Doncaster,1.1,1.2,61,37245,Séamus Coleman,4-2-3-1,4-1-4-1,James Bell,Everton
2024-09-17,19:45,EFL Cup,Third round,Tue,Home,L,5,6,Southampton,1.1,1.2,26,33842,Abdoulaye Doucouré,4-2-3-1,4-2-3-1,Darren Bond,Everton
2024-09-21,15:00,Premier League,Matchweek 5,Sat,Away,D,1,1,Leicester City,1.1,0.7,42,31765,James Tarkowski,4-2-3-1,4-2-3-1,Darren England,Everton
2024-10-05,17:30,Premier League,Matchweek 7,Sat,Home,D,0,0,Newcastle Utd,0.7,2.1,33,39265,James Tarkowski,4-2-3-1,4-3-3,Craig Pawson,Everton
2024-10-19,15:00,Premier League,Matchweek 8,Sat,Away,W,2,0,Ipswich Town,1.7,1.3,45,29862,James Tarkowski,4-2-3-1,4-2-3-1,Michael Oliver,Everton
2024-10-26,17:30,Premier League,Matchweek 9,Sat,Home,D,1,1,Fulham,0.8,1.2,40,38742,James Tarkowski,4-2-3-1,4-2-3-1,John Brooks,Everton
2024-11-02,15:00,Premier League,Matchweek 10,Sat,Away,L,0,1,Southampton,1.6,0.7,35,31143,James Tarkowski,4-2-3-1,5-4-1,Andy Madley,Everton
2024-11-09,15:00,Premier League,Matchweek 11,Sat,Away,D,0,0,West Ham,1.1,0.8,51,62463,James Tarkowski,4-2-3-1,4-1-4-1,Stuart Attwell,Everton
2024-12-01,13:30,Premier League,Matchweek 13,Sun,Away,L,0,4,Manchester Utd,0.6,1.1,40,73817,James Tarkowski,4-2-3-1,3-4-3,John Brooks,Everton
2024-12-04,19:30,Premier League,Matchweek 14,Wed,Home,W,4,0,Wolves,1.0,0.8,44,38820,James Tarkowski,4-2-3-1,3-4-3,Michael Salisbury,Everton
2024-12-26,12:30,Premier League,Matchweek 18,Thu,Away,D,1,1,Manchester City,0.7,2.1,34,55527,Séamus Coleman,4-3-3,4-1-4-1,Simon Hooper,Everton
2024-12-29,15:00,Premier League,Matchweek 19,Sun,Home,L,0,2,Nott'ham Forest,0.9,1.5,64,25414,James Tarkowski,4-3-3,4-2-3-1,Tony Harrington,Everton
2025-01-09,19:45,FA Cup,Third round proper,Thu,Home,W,2,0,P'borough Utd,1.1,1.2,51,38895,Idrissa Gana Gueye,3-4-3,3-5-1-1,Thomas Bramall,Everton
2025-01-19,14:00,Premier League,Matchweek 22,Sun,Home,W,3,2,Tottenham,1.8,1.1,36,39326,James Tarkowski,4-2-3-1,3-4-3,Darren England,Everton
2025-02-01,15:00,Premier League,Matchweek 24,Sat,Home,W,4,0,Leicester City,2.5,0.3,48,39376,James Tarkowski,4-2-3-1,4-2-3-1,Darren Bond,Everton
2025-02-12,19:30,Premier League,Matchweek 15,Wed,Home,D,2,2,Liverpool,1.0,0.6,37,39280,James Tarkowski,4-2-3-1,4-2-3-1,Michael Oliver,Everton
2025-02-22,12:30,Premier League,Matchweek 26,Sat,Home,D,2,2,Manchester Utd,1.6,0.4,38,39290,James Tarkowski,4-2-3-1,3-4-3,Andy Madley,Everton
2025-03-08,20:00,Premier League,Matchweek 28,Sat,Away,D,1,1,Wolves,1.2,0.8,34,30738,James Tarkowski,4-2-3-1,3-4-3,Stuart Attwell,Everton
2025-03-15,15:00,Premier League,Matchweek 29,Sat,Home,D,1,1,West Ham,1.0,0.8,54,39343,James Tarkowski,4-2-3-1,3-5-2,Darren Bond,Everton
2025-04-02,20:00,Premier League,Matchweek 30,Wed,Away,L,0,1,Liverpool,0.9,1.5,27,60457,James Tarkowski,4-2-3-1,4-2-3-1,Samuel Barrott,Everton
2025-04-12,15:00,Premier League,Matchweek 32,Sat,Away,W,1,0,Nott'ham Forest,1.4,0.5,57,30199,James Tarkowski,4-2-3-1,4-2-3-1,Craig Pawson,Everton
2025-04-19,15:00,Premier League,Matchweek 33,Sat,Home,L,0,2,Manchester City,0.9,2.0,33,39332,James Tarkowski,4-2-3-1,4-2-3-1,Simon Hooper,Everton
2025-05-03,15:00,Premier League,Matchweek 35,Sat,Home,D,2,2,Ipswich Town,0.6,0.8,58,39305,Jordan Pickford,4-2-3-1,4-2-3-1,Lewis Smith,Everton
2025-05-10,15:00,Premier League,Matchweek 36,Sat,Away,W,3,1,Fulham,1.1,0.8,36,27653,Jordan Pickford,4-2-3-1,4-2-3-1,Darren England,Everton
2025-05-18,12:00,Premier League,Matchweek 37,Sun,Home,W,2,0,Southampton,2.7,1.2,50,39201,Séamus Coleman,4-2-3-1,3-4-3,Michael Oliver,Everton
2025-05-25,16:00,Premier League,Matchweek 38,Sun,Away,W,1,0,Newcastle Utd,1.2,1.2,35,52221,Jordan Pickford,4-2-3-1,3-4-3,Tony Harrington,Everton
2024-08-16,20:00,Premier League,Matchweek 1,Fri,Away,L,0,1,Manchester Utd,0.4,2.4,45,73297,Bernd Leno,4-2-3-1,4-2-3-1,Robert Jones,Fulham
2024-08-24,15:00,Premier League,Matchweek 2,Sat,Home,W,2,1,Leicester City,1.8,0.6,54,25401,Bernd Leno,4-2-3-1,4-2-3-1,Darren Bond,Fulham
2024-08-27,20:00,EFL Cup,Second round,Tue,Away,W,2,0,Birmingham City,1.3,1.2,43,11949,Tom Cairney,4-2-3-1,4-2-3-1,Oussama Edderkaoui,Fulham
2024-08-31,15:00,Premier League,Matchweek 3,Sat,Away,D,1,1,Ipswich Town,0.9,0.4,52,29517,Bernd Leno,4-3-3,4-2-3-1,Lewis Smith,Fulham
2024-09-14,15:00,Premier League,Matchweek 4,Sat,Home,D,1,1,West Ham,1.5,0.8,54,26528,Bernd Leno,4-2-3-1,4-2-3-1,Tim Robinson,Fulham
2024-09-17,19:45,EFL Cup,Third round,Tue,Away,L,15,16,Preston,1.3,1.2,71,5530,Tom Cairney,4-2-3-1,4-4-2,Robert Madley,Fulham
2024-09-21,15:00,Premier League,Matchweek 5,Sat,Home,W,3,1,Newcastle Utd,2.2,1.5,39,25700,Bernd Leno,4-2-3-1,4-3-3,Peter Bankes,Fulham
2024-09-28,15:00,Premier League,Matchweek 6,Sat,Away,W,1,0,Nott'ham Forest,1.3,0.8,59,30139,Bernd Leno,4-2-3-1,4-4-2,Joshua Smith,Fulham
2024-10-05,15:00,Premier League,Matchweek 7,Sat,Away,L,2,3,Manchester City,2.6,1.6,42,53017,Bernd Leno,5-4-1,4-1-4-1,Peter Bankes,Fulham
2024-11-23,15:00,Premier League,Matchweek 12,Sat,Home,L,1,4,Wolves,1.0,1.3,59,26685,Bernd Leno,4-2-3-1,3-4-3,Robert Jones,Fulham
2024-12-01,13:30,Premier League,Matchweek 13,Sun,Away,D,1,1,Tottenham,1.5,0.8,49,61141,Antonee Robinson,4-2-3-1,4-3-3,Darren Bond,Fulham
2024-12-14,15:00,Premier League,Matchweek 16,Sat,Away,D,2,2,Liverpool,1.2,2.1,39,60333,Antonee Robinson,4-2-3-1,4-3-3,Tony Harrington,Fulham
2024-12-22,14:00,Premier League,Matchweek 17,Sun,Home,D,0,0,Southampton,0.9,0.3,57,26819,Tom Cairney,4-2-3-1,3-4-1-2,Tim Robinson,Fulham
2025-01-05,14:00,Premier League,Matchweek 20,Sun,Home,D,2,2,Ipswich Town,2.2,1.5,73,27042,Tom Cairney,3-4-3,5-4-1,Darren Bond,Fulham
2025-01-09,19:45,FA Cup,Third round proper,Thu,Home,W,4,1,Watford,1.3,1.2,51,15981,Andreas Pereira,4-2-3-1,5-4-1,Matt Donohue,Fulham
2025-01-14,19:30,Premier League,Matchweek 21,Tue,Away,L,2,3,West Ham,1.7,1.0,56,62456,Antonee Robinson,4-2-3-1,4-2-3-1,Craig Pawson,Fulham
2025-01-18,15:00,Premier League,Matchweek 22,Sat,Away,W,2,0,Leicester City,2.0,0.6,60,31500,Antonee Robinson,4-2-3-1,4-2-3-1,Michael Salisbury,Fulham
2025-01-26,19:00,Premier League,Matchweek 23,Sun,Home,L,0,1,Manchester Utd,0.7,0.3,51,27288,Antonee Robinson,4-2-3-1,3-4-3,Anthony Taylor,Fulham
2025-02-01,15:00,Premier League,Matchweek 24,Sat,Away,W,2,1,Newcastle Utd,1.6,0.8,51,52173,Antonee Robinson,4-2-3-1,4-3-3,Chris Kavanagh,Fulham
2025-02-08,15:00,FA Cup,Fourth round proper,Sat,Away,W,2,1,Wigan Athletic,1.3,1.2,69,12281,Tom Cairney,4-2-3-1,4-2-3-1,David Webb,Fulham
2025-02-15,15:00,Premier League,Matchweek 25,Sat,Home,W,2,1,Nott'ham Forest,2.1,0.4,55,27164,Antonee Robinson,4-2-3-1,3-5-2,Thomas Bramall,Fulham
2025-02-25,19:30,Premier League,Matchweek 27,Tue,Away,W,2,1,Wolves,1.7,1.3,40,28708,Bernd Leno,3-4-3,3-4-3,Peter Bankes,Fulham
2025-03-02,16:30,FA Cup,Fifth round proper,Sun,Away,W,4,3,Manchester Utd,1.3,1.2,59,67614,Antonee Robinson,4-2-3-1,3-4-3,Stuart Attwell,Fulham
2025-03-16,13:30,Premier League,Matchweek 29,Sun,Home,W,2,0,Tottenham,1.0,0.9,57,27182,Antonee Robinson,4-2-3-1,4-3-3,Andy Madley,Fulham
2025-04-06,14:00,Premier League,Matchweek 31,Sun,Home,W,3,2,Liverpool,0.7,1.5,37,27770,Antonee Robinson,4-2-3-1,4-2-3-1,Chris Kavanagh,Fulham
2025-04-26,15:00,Premier League,Matchweek 34,Sat,Away,W,2,1,Southampton,2.4,0.6,65,28946,Bernd Leno,4-3-3,3-4-3,Tony Harrington,Fulham
2025-05-25,16:00,Premier League,Matchweek 38,Sun,Home,L,0,2,Manchester City,1.3,3.0,47,27671,Tom Cairney,4-2-3-1,4-2-3-1,Andy Madley,Fulham
2024-08-17,12:30,Premier League,Matchweek 1,Sat,Home,L,0,2,Liverpool,0.5,2.6,38,30014,Sam Morsy,4-2-3-1,4-2-3-1,Tim Robinson,Ipswich Town
2024-08-24,15:00,Premier League,Matchweek 2,Sat,Away,L,1,4,Manchester City,0.3,3.3,25,53147,Sam Morsy,5-4-1,3-2-4-1,Samuel Allison,Ipswich Town
2024-08-28,19:45,EFL Cup,Second round,Wed,Away,L,2,4,AFC Wimbledon,0.9,1.9,79,7934,Conor Chaplin,4-2-3-1,3-5-2,James Linington,Ipswich Town
2024-09-21,15:00,Premier League,Matchweek 5,Sat,Away,D,1,1,Southampton,1.6,2.4,47,31117,Sam Morsy,4-2-3-1,4-2-3-1,Samuel Allison,Ipswich Town
2024-10-05,15:00,Premier League,Matchweek 7,Sat,Away,L,1,4,West Ham,0.6,3.6,48,62467,Sam Morsy,4-2-3-1,4-1-4-1,Anthony Taylor,Ipswich Town
2024-11-02,15:00,Premier League,Matchweek 10,Sat,Home,D,1,1,Leicester City,1.0,1.5,43,29874,Sam Morsy,4-2-3-1,4-2-3-1,Tim Robinson,Ipswich Town
2024-11-10,14:00,Premier League,Matchweek 11,Sun,Away,W,2,1,Tottenham,1.6,1.5,34,61505,Sam Morsy,4-2-3-1,4-3-3,Darren England,Ipswich Town
2024-11-24,16:30,Premier League,Matchweek 12,Sun,Home,D,1,1,Manchester Utd,1.6,0.8,40,30017,Sam Morsy,4-2-3-1,3-4-3,Anthony Taylor,Ipswich Town
2024-11-30,15:00,Premier League,Matchweek 13,Sat,Away,L,0,1,Nott'ham Forest,0.6,1.6,55,30237,Sam Morsy,4-2-3-1,4-2-3-1,Tony Harrington,Ipswich Town
2024-12-14,15:00,Premier League,Matchweek 16,Sat,Away,W,2,1,Wolves,1.1,1.3,46,30866,Sam Morsy,4-2-3-1,3-4-3,Simon Hooper,Ipswich Town
2024-12-21,15:00,Premier League,Matchweek 17,Sat,Home,L,0,4,Newcastle Utd,0.7,2.3,42,29774,Sam Morsy,4-2-3-1,4-3-3,Stuart Attwell,Ipswich Town
2025-01-12,15:00,FA Cup,Third round proper,Sun,Home,W,3,0,Bristol Rovers,0.9,1.9,51,27678,Luke Woolfenden,4-2-3-1,4-2-3-1,Oliver Langford,Ipswich Town
2025-01-19,16:30,Premier League,Matchweek 22,Sun,Home,L,0,6,Manchester City,0.5,3.0,33,29841,Sam Morsy,5-4-1,4-2-3-1,Samuel Barrott,Ipswich Town
2025-01-25,15:00,Premier League,Matchweek 23,Sat,Away,L,1,4,Liverpool,0.5,2.0,30,60420,Sam Morsy,4-2-3-1,4-2-3-1,Michael Salisbury,Ipswich Town
2025-02-01,15:00,Premier League,Matchweek 24,Sat,Home,L,1,2,Southampton,1.8,0.9,57,29902,Sam Morsy,4-2-3-1,3-4-3,Michael Oliver,Ipswich Town
2025-02-08,15:00,FA Cup,Fourth round proper,Sat,Away,W,4,1,Coventry City,0.9,1.9,47,30055,Luke Woolfenden,4-2-3-1,5-4-1,Ben Toner,Ipswich Town
2025-02-22,15:00,Premier League,Matchweek 26,Sat,Home,L,1,4,Tottenham,1.1,1.7,42,30003,Dara O'Shea,4-2-3-1,4-3-3,Tim Robinson,Ipswich Town
2025-02-26,19:30,Premier League,Matchweek 27,Wed,Away,L,2,3,Manchester Utd,1.4,0.7,55,73827,Sam Morsy,3-4-3,3-4-3,Darren England,Ipswich Town
2025-03-03,19:30,FA Cup,Fifth round proper,Mon,Away,L,4,5,Nott'ham Forest,0.9,1.9,46,29171,Sam Morsy,4-2-3-1,4-2-3-1,Tony Harrington,Ipswich Town
2025-03-15,15:00,Premier League,Matchweek 29,Sat,Home,L,2,4,Nott'ham Forest,0.4,1.5,55,29878,Dara O'Shea,4-2-3-1,4-2-3-1,Michael Salisbury,Ipswich Town
2025-04-05,15:00,Premier League,Matchweek 31,Sat,Home,L,1,2,Wolves,0.8,2.6,45,29549,Sam Morsy,4-2-3-1,3-4-3,Peter Bankes,Ipswich Town
2025-04-26,15:00,Premier League,Matchweek 34,Sat,Away,L,0,3,Newcastle Utd,0.1,2.4,23,52171,Sam Morsy,4-4-1-1,4-3-3,Michael Salisbury,Ipswich Town
2025-05-18,15:00,Premier League,Matchweek 37,Sun,Away,L,0,2,Leicester City,1.4,0.8,50,31986,Sam Morsy,4-2-3-1,4-2-3-1,Andrew Kitchen,Ipswich Town
2025-05-25,16:00,Premier League,Matchweek 38,Sun,Home,L,1,3,West Ham,0.7,1.1,42,29771,Sam Morsy,4-2-3-1,3-1-4-2,Tim Robinson,Ipswich Town
2024-08-19,20:00,Premier League,Matchweek 1,Mon,Home,D,1,1,Tottenham,1.0,1.2,30,31977,Jamie Vardy,4-2-3-1,4-3-3,Chris Kavanagh,Leicester City
2024-08-27,19:45,EFL Cup,Second round,Tue,Home,W,4,0,Tranmere Rovers,0.9,1.9,71,13011,Ricardo Pereira,4-3-3,4-4-2,Oussama Edderkaoui,Leicester City
2024-09-24,19:45,EFL Cup,Third round,Tue,Away,W,3,0,Walsall,0.9,1.9,74,8010,Ricardo Pereira,4-2-3-1,3-5-2,Tom Nield,Leicester City
2024-10-19,15:00,Premier League,Matchweek 8,Sat,Away,W,3,2,Southampton,3.1,2.1,58,31145,Jamie Vardy,4-2-3-1,4-5-1,Anthony Taylor,Leicester City
2024-10-25,20:00,Premier League,Matchweek 9,Fri,Home,L,1,3,Nott'ham Forest,0.8,1.7,65,31879,Jamie Vardy,4-2-3-1,4-2-3-1,Craig Pawson,Leicester City
2024-10-30,19:45,EFL Cup,Fourth round,Wed,Away,L,2,5,Manchester Utd,0.9,1.9,44,73470,Conor Coady,4-2-3-1,4-2-3-1,Andy Madley,Leicester City
2024-11-10,14:00,Premier League,Matchweek 11,Sun,Away,L,0,3,Manchester Utd,0.6,0.8,49,73829,Harry Winks,4-3-3,4-2-3-1,Peter Bankes,Leicester City
2024-12-03,20:15,Premier League,Matchweek 14,Tue,Home,W,3,1,West Ham,1.7,3.0,39,30947,Jamie Vardy,4-2-3-1,4-2-3-1,Joshua Smith,Leicester City
2024-12-14,15:00,Premier League,Matchweek 16,Sat,Away,L,0,4,Newcastle Utd,0.2,3.8,41,52235,Jamie Vardy,4-2-3-1,4-3-3,Thomas Bramall,Leicester City
2024-12-22,14:00,Premier League,Matchweek 17,Sun,Home,L,0,3,Wolves,0.8,1.1,54,31818,Jamie Vardy,4-2-3-1,3-4-3,Anthony Taylor,Leicester City
2024-12-26,20:00,Premier League,Matchweek 18,Thu,Away,L,1,3,Liverpool,0.3,2.0,32,60300,Conor Coady,4-2-3-1,4-2-3-1,Darren Bond,Leicester City
2024-12-29,14:30,Premier League,Matchweek 19,Sun,Home,L,0,2,Manchester City,1.3,1.3,53,32057,Jamie Vardy,4-2-3-1,4-1-4-1,Michael Oliver,Leicester City
2025-01-11,14:00,FA Cup,Third round proper,Sat,Home,W,6,2,QPR,0.9,1.9,51,28242,Jamie Vardy,4-2-3-1,4-2-3-1,David Webb,Leicester City
2025-01-26,14:00,Premier League,Matchweek 23,Sun,Away,W,2,1,Tottenham,1.6,1.0,39,61295,Jamie Vardy,4-2-3-1,4-3-3,Robert Jones,Leicester City
2025-02-07,20:00,FA Cup,Fourth round proper,Fri,Away,L,1,2,Manchester Utd,0.9,1.9,44,73693,Wilfred Ndidi,4-2-3-1,3-4-3,Michael Salisbury,Leicester City
2025-02-27,20:00,Premier League,Matchweek 27,Thu,Away,L,0,2,West Ham,0.4,1.3,42,62455,Jamie Vardy,4-2-3-1,3-5-2,Anthony Taylor,Leicester City
2025-03-16,19:00,Premier League,Matchweek 29,Sun,Home,L,0,3,Manchester Utd,1.0,0.9,53,31773,Jamie Vardy,3-4-3,3-4-3,Thomas Bramall,Leicester City
2025-04-02,19:45,Premier League,Matchweek 30,Wed,Away,L,0,2,Manchester City,0.1,2.2,28,52148,Jamie Vardy,3-4-3,4-2-3-1,Darren England,Leicester City
2025-04-07,20:00,Premier League,Matchweek 31,Mon,Home,L,0,3,Newcastle Utd,0.5,3.2,58,30403,Jamie Vardy,3-4-3,4-3-3,Robert Jones,Leicester City
2025-04-20,16:30,Premier League,Matchweek 33,Sun,Home,L,0,1,Liverpool,0.3,2.5,42,30402,Jamie Vardy,4-2-3-1,4-2-3-1,Stuart Attwell,Leicester City
2025-04-26,15:00,Premier League,Matchweek 34,Sat,Away,L,0,3,Wolves,1.1,2.0,44,31518,Jamie Vardy,4-2-3-1,3-4-3,Samuel Barrott,Leicester City
2025-05-03,15:00,Premier League,Matchweek 35,Sat,Home,W,2,0,Southampton,1.4,0.5,49,31240,Jamie Vardy,4-2-3-1,3-4-3,David Webb,Leicester City
2025-05-11,14:15,Premier League,Matchweek 36,Sun,Away,D,2,2,Nott'ham Forest,1.1,1.3,45,30245,Jamie Vardy,4-2-3-1,4-2-3-1,Tony Harrington,Leicester City
2024-09-01,16:00,Premier League,Matchweek 3,Sun,Away,W,3,0,Manchester Utd,1.8,1.4,47,73738,Virgil van Dijk,4-2-3-1,4-2-3-1,Anthony Taylor,Liverpool
2024-09-14,15:00,Premier League,Matchweek 4,Sat,Home,L,0,1,Nott'ham Forest,0.9,0.4,68,60344,Virgil van Dijk,4-2-3-1,4-2-3-1,Michael Oliver,Liverpool
2024-09-17,21:00,Champions Lg,League phase,Tue,Away,W,3,1,Milan,3.1,0.6,51,59826,Virgil van Dijk,4-2-3-1,4-2-3-1,Espen Eskås,Liverpool
2024-09-25,20:00,EFL Cup,Third round,Wed,Home,W,5,1,West Ham,2.1,1.0,61,60044,Joe Gomez,4-2-3-1,4-2-3-1,Andy Madley,Liverpool
2024-09-28,17:30,Premier League,Matchweek 6,Sat,Away,W,2,1,Wolves,2.5,0.6,55,31413,Virgil van Dijk,4-2-3-1,4-1-4-1,Anthony Taylor,Liverpool
2024-10-02,20:00,Champions Lg,League phase,Wed,Home,W,2,0,Bologna,1.2,0.6,51,59816,Virgil van Dijk,4-2-3-1,4-1-4-1,Nikola Dabanović,Liverpool
2024-10-23,21:00,Champions Lg,League phase,Wed,Away,W,1,0,RB Leipzig,2.3,0.8,57,45228,Virgil van Dijk,4-3-3,4-4-2,Sandro Schärer,Liverpool
2024-11-05,20:00,Champions Lg,League phase,Tue,Home,W,4,0,Leverkusen,3.7,0.9,47,59790,Virgil van Dijk,4-3-3,3-5-2,Danny Makkelie,Liverpool
2024-11-24,14:00,Premier League,Matchweek 12,Sun,Away,W,3,2,Southampton,3.1,1.3,62,31278,Virgil van Dijk,4-2-3-1,5-4-1,Samuel Barrott,Liverpool
2024-11-27,20:00,Champions Lg,League phase,Wed,Home,W,2,0,Real Madrid,2.7,1.2,63,59546,Virgil van Dijk,4-3-3,4-2-2-2,François Letexier,Liverpool
2024-12-01,16:00,Premier League,Matchweek 13,Sun,Home,W,2,0,Manchester City,3.4,0.8,44,60248,Virgil van Dijk,4-2-3-1,4-2-3-1,Chris Kavanagh,Liverpool
2024-12-04,19:30,Premier League,Matchweek 14,Wed,Away,D,3,3,Newcastle Utd,1.9,2.1,58,52237,Virgil van Dijk,4-2-3-1,4-3-3,Andy Madley,Liverpool
2024-12-10,18:45,Champions Lg,League phase,Tue,Away,W,1,0,Girona,1.8,1.2,62,9241,Virgil van Dijk,4-3-3,4-2-3-1,Benoît Bastien,Liverpool
2024-12-18,20:00,EFL Cup,Quarter-finals,Wed,Away,W,2,1,Southampton,2.1,1.0,69,26503,Trent Alexander-Arnold,4-3-3,5-4-1,Simon Hooper,Liverpool
2024-12-22,16:30,Premier League,Matchweek 17,Sun,Away,W,6,3,Tottenham,5.6,1.3,48,61439,Virgil van Dijk,4-2-3-1,4-2-3-1,Samuel Barrott,Liverpool
2024-12-29,17:15,Premier League,Matchweek 19,Sun,Away,W,5,0,West Ham,3.1,0.4,54,62476,Virgil van Dijk,4-2-3-1,4-2-3-1,Anthony Taylor,Liverpool
2025-01-05,16:30,Premier League,Matchweek 20,Sun,Home,D,2,2,Manchester Utd,2.7,1.0,53,60275,Virgil van Dijk,4-2-3-1,3-4-3,Michael Oliver,Liverpool
2025-01-08,20:00,EFL Cup,Semi-finals,Wed,Away,L,0,1,Tottenham,2.1,1.0,60,38998,Virgil van Dijk,4-2-3-1,4-3-3,Stuart Attwell,Liverpool
2025-01-11,12:15,FA Cup,Third round proper,Sat,Home,W,4,0,Acc'ton Stanley,2.1,1.0,51,60261,Trent Alexander-Arnold,4-3-3,4-3-1-2,Lewis Smith,Liverpool
2025-01-14,20:00,Premier League,Matchweek 21,Tue,Away,D,1,1,Nott'ham Forest,2.0,0.3,70,30249,Virgil van Dijk,4-2-3-1,4-2-3-1,Chris Kavanagh,Liverpool
2025-01-21,20:00,Champions Lg,League phase,Tue,Home,W,2,1,Lille,2.5,0.5,56,59782,Virgil van Dijk,4-3-3,4-2-3-1,Felix Zwayer,Liverpool
2025-01-29,21:00,Champions Lg,League phase,Wed,Away,L,2,3,PSV Eindhoven,1.6,1.3,47,35000,Andrew Robertson,4-3-3,4-4-2,Tobias Stieler,Liverpool
2025-02-06,20:00,EFL Cup,Semi-finals,Thu,Home,W,4,0,Tottenham,2.1,1.0,64,60395,Virgil van Dijk,4-2-3-1,4-3-3,Craig Pawson,Liverpool
2025-02-09,15:00,FA Cup,Fourth round proper,Sun,Away,L,0,1,Plymouth Argyle,2.1,1.0,75,16724,Joe Gomez,4-3-3,3-4-3,Samuel Barrott,Liverpool
2025-02-16,14:00,Premier League,Matchweek 25,Sun,Home,W,2,1,Wolves,1.7,1.5,50,60248,Virgil van Dijk,4-2-3-1,3-4-3,Simon Hooper,Liverpool
2025-02-23,16:30,Premier League,Matchweek 26,Sun,Away,W,2,0,Manchester City,0.7,0.6,34,52803,Virgil van Dijk,4-2-2-2,4-1-4-1,Anthony Taylor,Liverpool
2025-02-26,20:15,Premier League,Matchweek 27,Wed,Home,W,2,0,Newcastle Utd,1.7,0.2,61,60374,Virgil van Dijk,4-2-3-1,4-2-3-1,Stuart Attwell,Liverpool
2025-03-05,21:00,Champions Lg,Round of 16,Wed,Away,W,1,0,Paris S-G,0.3,1.6,30,47511,Virgil van Dijk,4-2-3-1,4-3-3,Davide Massa,Liverpool
2025-03-08,15:00,Premier League,Matchweek 28,Sat,Home,W,3,1,Southampton,3.9,0.4,71,60399,Virgil van Dijk,4-3-3,4-2-3-1,Lewis Smith,Liverpool
2025-03-11,20:00,Champions Lg,Round of 16,Tue,Home,L,1,4,Paris S-G,1.5,2.6,46,59765,Virgil van Dijk,4-2-3-1,4-3-3,István Kovács,Liverpool
2025-03-16,16:30,EFL Cup,Final,Sun,Neutral,L,1,2,Newcastle Utd,2.1,1.0,66,88513,Virgil van Dijk,4-2-3-1,4-3-3,John Brooks,Liverpool
2025-04-13,14:00,Premier League,Matchweek 32,Sun,Home,W,2,1,West Ham,1.8,1.4,55,60376,Virgil van Dijk,4-2-3-1,3-5-2,Andy Madley,Liverpool
2025-04-27,16:30,Premier League,Matchweek 34,Sun,Home,W,5,1,Tottenham,2.2,0.5,61,60415,Virgil van Dijk,4-2-3-1,4-3-3,Thomas Bramall,Liverpool
2024-08-10,15:00,FA Community Shield,FA Community Shield,Sat,Home,W,7,6,Manchester Utd,1.8,1.3,56,78146,Rúben Dias,4-3-3,4-2-3-1,Jarred Gillett,Manchester City
2024-08-31,17:30,Premier League,Matchweek 3,Sat,Away,W,3,1,West Ham,3.0,0.7,67,62469,Kevin De Bruyne,3-2-4-1,4-2-3-1,Michael Oliver,Manchester City
2024-09-18,20:00,Champions Lg,League phase,Wed,Home,D,0,0,Inter,2.3,0.7,60,50922,Kevin De Bruyne,3-2-4-1,3-5-2,Glenn Nyberg,Manchester City
2024-09-24,19:45,EFL Cup,Third round,Tue,Home,W,2,1,Watford,1.8,1.3,72,40584,Kyle Walker,3-2-4-1,5-3-2,David Webb,Manchester City
2024-09-28,12:30,Premier League,Matchweek 6,Sat,Away,D,1,1,Newcastle Utd,0.9,1.6,62,52248,Kyle Walker,4-2-3-1,4-3-3,Jarred Gillett,Manchester City
2024-10-01,21:00,Champions Lg,League phase,Tue,Away,W,4,0,Slovan Bratislava,3.7,0.1,75,22500,İlkay Gündoğan,4-2-3-1,4-2-3-1,Davide Massa,Manchester City
2024-10-20,14:00,Premier League,Matchweek 8,Sun,Away,W,2,1,Wolves,1.6,0.8,77,31319,Rúben Dias,4-1-4-1,3-5-2,Chris Kavanagh,Manchester City
2024-10-23,20:00,Champions Lg,League phase,Wed,Home,W,5,0,Sparta Prague,2.9,0.2,79,50116,Bernardo Silva,4-1-4-1,3-4-3,Maurizio Mariani,Manchester City
2024-10-26,15:00,Premier League,Matchweek 9,Sat,Home,W,1,0,Southampton,2.9,0.2,57,52844,Rúben Dias,4-1-4-1,5-4-1,Tony Harrington,Manchester City
2024-10-30,20:15,EFL Cup,Fourth round,Wed,Away,L,1,2,Tottenham,1.8,1.3,68,60797,Rúben Dias,4-1-4-1,4-3-3,Robert Jones,Manchester City
2024-11-05,20:00,Champions Lg,League phase,Tue,Away,L,1,4,Sporting CP,2.1,2.9,72,47453,Bernardo Silva,4-1-4-1,3-4-3,Daniel Siebert,Manchester City
2024-11-23,17:30,Premier League,Matchweek 12,Sat,Home,L,0,4,Tottenham,2.1,2.5,58,52478,Kyle Walker,4-3-3,4-3-3,John Brooks,Manchester City
2024-11-26,20:00,Champions Lg,League phase,Tue,Home,D,3,3,Feyenoord,2.1,2.2,63,47011,Bernardo Silva,4-2-3-1,4-3-3,Radu Petrescu,Manchester City
2024-12-04,19:30,Premier League,Matchweek 14,Wed,Home,W,3,0,Nott'ham Forest,2.4,1.0,66,51764,Kevin De Bruyne,4-2-3-1,4-2-3-1,Michael Oliver,Manchester City
2024-12-11,21:00,Champions Lg,League phase,Wed,Away,L,0,2,Juventus,1.2,1.1,69,40890,Kyle Walker,4-2-3-1,4-2-3-1,Clément Turpin,Manchester City
2024-12-15,16:30,Premier League,Matchweek 16,Sun,Home,L,1,2,Manchester Utd,0.9,2.1,52,53184,Kyle Walker,4-1-4-1,3-4-3,Anthony Taylor,Manchester City
2025-01-04,15:00,Premier League,Matchweek 20,Sat,Home,W,4,1,West Ham,1.9,1.4,56,52737,Kevin De Bruyne,4-1-4-1,4-2-3-1,Michael Salisbury,Manchester City
2025-01-11,17:45,FA Cup,Third round proper,Sat,Home,W,8,0,Salford City,1.8,1.3,51,52056,İlkay Gündoğan,3-4-3,3-1-4-2,Joshua Smith,Manchester City
2025-01-22,21:00,Champions Lg,League phase,Wed,Away,L,2,4,Paris S-G,1.7,2.8,37,47818,Kevin De Bruyne,4-2-3-1,4-3-3,Szymon Marciniak,Manchester City
2025-01-29,20:00,Champions Lg,League phase,Wed,Home,W,3,1,Club Brugge,2.0,1.1,73,51237,Kevin De Bruyne,4-2-3-1,4-2-3-1,Jose Maria Sánchez,Manchester City
2025-02-08,12:15,FA Cup,Fourth round proper,Sat,Away,W,2,1,Leyton Orient,1.8,1.3,73,8749,Rúben Dias,4-2-3-1,4-2-3-1,Darren Bond,Manchester City
2025-02-11,20:00,Champions Lg,Knockout phase play-offs,Tue,Home,L,2,3,Real Madrid,1.5,3.2,54,52081,Kevin De Bruyne,4-1-4-1,4-4-2,Clément Turpin,Manchester City
2025-02-15,15:00,Premier League,Matchweek 25,Sat,Home,W,4,0,Newcastle Utd,1.9,0.5,61,52479,Erling Haaland,4-2-3-1,4-3-3,Andy Madley,Manchester City
2025-02-19,21:00,Champions Lg,Knockout phase play-offs,Wed,Away,L,1,3,Real Madrid,1.3,1.8,52,77023,Rúben Dias,4-1-2-1-2,4-4-2,István Kovács,Manchester City
2025-02-26,19:30,Premier League,Matchweek 27,Wed,Away,W,1,0,Tottenham,2.1,1.3,45,60820,Rúben Dias,4-2-3-1,4-3-3,Jarred Gillett,Manchester City
2025-03-01,17:45,FA Cup,Fifth round proper,Sat,Home,W,3,1,Plymouth Argyle,1.8,1.3,73,50044,Kevin De Bruyne,4-1-4-1,5-4-1,Craig Pawson,Manchester City
2025-03-08,12:30,Premier League,Matchweek 28,Sat,Away,L,0,1,Nott'ham Forest,0.9,0.7,69,30252,Rúben Dias,4-1-4-1,4-2-3-1,Chris Kavanagh,Manchester City
2025-04-06,16:30,Premier League,Matchweek 31,Sun,Away,D,0,0,Manchester Utd,0.5,0.9,58,73738,Kevin De Bruyne,4-1-2-1-2,3-4-3,John Brooks,Manchester City
2025-04-27,16:30,FA Cup,Semi-finals,Sun,Away,W,2,0,Nott'ham Forest,1.8,1.3,67,72976,Rúben Dias,4-3-1-2,4-4-2,Michael Oliver,Manchester City
2025-05-02,20:00,Premier League,Matchweek 35,Fri,Home,W,1,0,Wolves,0.7,0.4,63,53282,Kevin De Bruyne,4-2-3-1,3-4-3,Peter Bankes,Manchester City
2025-05-10,15:00,Premier League,Matchweek 36,Sat,Away,D,0,0,Southampton,1.7,0.1,72,30937,Kevin De Bruyne,4-2-3-1,3-4-3,Tim Robinson,Manchester City
2025-05-17,16:30,FA Cup,Final,Sat,Neutral,L,0,1,Crystal Palace,1.8,1.3,78,84163,Kevin De Bruyne,4-2-3-1,3-4-3,Stuart Attwell,Manchester City
2024-09-14,12:30,Premier League,Matchweek 4,Sat,Away,W,3,0,Southampton,2.6,1.1,56,31144,Bruno Fernandes,4-2-3-1,4-2-3-1,Stuart Attwell,Manchester Utd
2024-09-17,20:00,EFL Cup,Third round,Tue,Home,W,7,0,Barnsley,1.6,1.4,65,72063,Casemiro,4-2-3-1,5-3-2,Gavin Ward,Manchester Utd
2024-09-25,20:00,Europa Lg,League phase,Wed,Home,D,1,1,Twente,1.3,0.5,57,73069,Bruno Fernandes,4-2-3-1,4-2-3-1,Simone Sozza,Manchester Utd
2024-09-29,16:30,Premier League,Matchweek 6,Sun,Home,L,0,3,Tottenham,1.0,4.4,39,73587,Bruno Fernandes,4-2-3-1,4-3-3,Chris Kavanagh,Manchester Utd
2024-10-03,20:00,Europa Lg,League phase,Thu,Away,D,3,3,Porto,1.6,2.1,53,49211,Bruno Fernandes,4-2-3-1,4-3-3,Tobias Stieler,Manchester Utd
2024-10-24,22:00,Europa Lg,League phase,Thu,Away,D,1,1,Fenerbahçe,1.1,1.3,48,41443,Lisandro Martínez,4-2-3-1,4-3-3,Clément Turpin,Manchester Utd
2024-10-27,14:00,Premier League,Matchweek 9,Sun,Away,L,1,2,West Ham,2.3,2.8,58,62474,Bruno Fernandes,4-2-3-1,4-2-3-1,David Coote,Manchester Utd
2024-11-07,20:00,Europa Lg,League phase,Thu,Home,W,2,0,PAOK,1.1,1.3,52,73174,Bruno Fernandes,4-2-3-1,4-2-3-1,Radu Petrescu,Manchester Utd
2024-11-28,20:00,Europa Lg,League phase,Thu,Home,W,3,2,Bodø/Glimt,2.9,0.8,72,72985,Bruno Fernandes,3-4-3,4-3-3,Lawrence Visser,Manchester Utd
2024-12-07,17:30,Premier League,Matchweek 15,Sat,Home,L,2,3,Nott'ham Forest,1.6,0.8,71,73778,Bruno Fernandes,3-4-3,4-2-3-1,Darren England,Manchester Utd
2024-12-12,18:45,Europa Lg,League phase,Thu,Away,W,2,1,Viktoria Plzeň,2.9,0.9,68,11320,Bruno Fernandes,3-4-3,3-4-3,Marian Barbu,Manchester Utd
2024-12-19,20:00,EFL Cup,Quarter-finals,Thu,Away,L,3,4,Tottenham,1.6,1.4,54,57409,Bruno Fernandes,3-4-3,4-2-3-1,John Brooks,Manchester Utd
2024-12-26,17:30,Premier League,Matchweek 18,Thu,Away,L,0,2,Wolves,0.4,0.9,49,31407,Bruno Fernandes,3-4-3,3-4-3,Tony Harrington,Manchester Utd
2024-12-30,20:00,Premier League,Matchweek 19,Mon,Home,L,0,2,Newcastle Utd,0.8,1.9,52,73809,Lisandro Martínez,3-4-3,4-3-3,Simon Hooper,Manchester Utd
2025-01-16,20:00,Premier League,Matchweek 21,Thu,Home,W,3,1,Southampton,3.4,1.4,60,73722,Bruno Fernandes,3-4-3,3-4-1-2,John Brooks,Manchester Utd
2025-01-23,20:00,Europa Lg,League phase,Thu,Home,W,2,1,sct Rangers,2.7,1.2,66,73288,Bruno Fernandes,3-4-3,4-2-3-1,Erik Lambrechts,Manchester Utd
2025-01-30,22:00,Europa Lg,League phase,Thu,Away,W,2,0,FCSB,2.9,0.6,69,50128,Bruno Fernandes,3-4-3,5-3-2,Harm Osmers,Manchester Utd
2025-02-16,16:30,Premier League,Matchweek 25,Sun,Away,L,0,1,Tottenham,1.5,2.2,45,61383,Bruno Fernandes,3-4-3,4-3-3,Peter Bankes,Manchester Utd
2025-03-06,18:45,Europa Lg,Round of 16,Thu,Away,D,1,1,Real Sociedad,1.1,1.4,45,34391,Bruno Fernandes,3-4-3,4-3-3,Ivan Kružliak,Manchester Utd
2025-03-13,20:00,Europa Lg,Round of 16,Thu,Home,W,4,1,Real Sociedad,4.2,1.0,59,73189,Bruno Fernandes,3-4-3,4-3-3,Benoît Bastien,Manchester Utd
2025-04-01,20:00,Premier League,Matchweek 30,Tue,Away,L,0,1,Nott'ham Forest,1.6,0.5,68,30249,Bruno Fernandes,3-4-3,4-2-3-1,Jarred Gillett,Manchester Utd
2025-04-10,21:00,Europa Lg,Quarter-finals,Thu,Away,D,2,2,Lyon,1.2,1.8,46,58018,Bruno Fernandes,3-4-3,4-3-1-2,Glenn Nyberg,Manchester Utd
2025-04-13,16:30,Premier League,Matchweek 32,Sun,Away,L,1,4,Newcastle Utd,0.7,2.2,52,52252,Bruno Fernandes,3-4-3,4-3-3,Chris Kavanagh,Manchester Utd
2025-04-17,20:00,Europa Lg,Quarter-finals,Thu,Home,W,5,4,Lyon,3.4,2.5,41,73228,Bruno Fernandes,3-4-3,4-3-1-2,Sandro Schärer,Manchester Utd
2025-04-20,14:00,Premier League,Matchweek 33,Sun,Home,L,0,1,Wolves,1.3,0.2,59,73819,Victor Lindelöf,3-4-3,3-4-3,Robert Jones,Manchester Utd
2025-05-01,21:00,Europa Lg,Semi-finals,Thu,Away,W,3,0,Athletic Club,2.5,1.1,72,51980,Bruno Fernandes,3-4-3,4-2-3-1,Espen Eskås,Manchester Utd
2025-05-08,20:00,Europa Lg,Semi-finals,Thu,Home,W,4,1,Athletic Club,2.2,0.8,51,73298,Bruno Fernandes,3-4-3,4-2-3-1,Daniel Siebert,Manchester Utd
2025-05-11,14:15,Premier League,Matchweek 36,Sun,Home,L,0,2,West Ham,2.1,1.7,52,73804,Bruno Fernandes,3-4-3,3-4-1-2,Jarred Gillett,Manchester Utd
2025-05-21,21:00,Europa Lg,Final,Wed,Neutral,L,0,1,eng Tottenham,1.0,1.0,72,49924,Bruno Fernandes,3-4-3,4-2-3-1,Felix Zwayer,Manchester Utd
2024-08-17,15:00,Premier League,Matchweek 1,Sat,Home,W,1,0,Southampton,0.3,1.8,23,52196,Bruno Guimarães,4-3-3,3-5-2,Craig Pawson,Newcastle Utd
2024-08-28,20:00,EFL Cup,Second round,Wed,Away,W,4,3,Nott'ham Forest,1.7,1.2,59,23083,Kieran Trippier,4-3-3,3-4-1-2,Samuel Allison,Newcastle Utd
2024-09-01,13:30,Premier League,Matchweek 3,Sun,Home,W,2,1,Tottenham,1.8,1.2,35,52211,Bruno Guimarães,4-3-3,4-2-3-1,Robert Jones,Newcastle Utd
2024-09-15,16:30,Premier League,Matchweek 4,Sun,Away,W,2,1,Wolves,1.5,1.2,51,30255,Bruno Guimarães,4-3-3,4-4-1-1,Chris Kavanagh,Newcastle Utd
2024-10-01,19:45,EFL Cup,Third round,Tue,Home,W,1,0,AFC Wimbledon,1.7,1.2,78,51739,Fabian Schär,4-3-3,3-5-2,Darren Bond,Newcastle Utd
2024-11-10,14:00,Premier League,Matchweek 11,Sun,Away,W,3,1,Nott'ham Forest,1.6,0.6,56,30145,Bruno Guimarães,4-3-3,4-2-3-1,Anthony Taylor,Newcastle Utd
2024-11-25,20:00,Premier League,Matchweek 12,Mon,Home,L,0,2,West Ham,1.6,0.9,53,52094,Bruno Guimarães,4-3-3,4-2-3-1,Craig Pawson,Newcastle Utd
2025-01-04,12:30,Premier League,Matchweek 20,Sat,Away,W,2,1,Tottenham,2.5,0.9,44,61293,Bruno Guimarães,4-3-3,4-2-3-1,Andy Madley,Newcastle Utd
2025-01-12,15:00,FA Cup,Third round proper,Sun,Home,W,3,1,Bromley,1.7,1.2,51,52088,Kieran Trippier,4-3-3,3-4-3,Will Finnie,Newcastle Utd
2025-01-15,19:30,Premier League,Matchweek 21,Wed,Home,W,3,0,Wolves,2.1,1.6,60,51975,Bruno Guimarães,4-3-3,3-4-3,Darren England,Newcastle Utd
2025-01-25,15:00,Premier League,Matchweek 23,Sat,Away,W,3,1,Southampton,2.9,0.8,47,31141,Bruno Guimarães,4-3-3,3-4-1-2,Samuel Barrott,Newcastle Utd
2025-02-08,17:45,FA Cup,Fourth round proper,Sat,Away,W,3,2,Birmingham City,1.7,1.2,63,27994,Bruno Guimarães,4-3-3,4-2-3-1,Matt Donohue,Newcastle Utd
2025-02-23,14:00,Premier League,Matchweek 26,Sun,Home,W,4,3,Nott'ham Forest,2.9,1.7,57,52223,Bruno Guimarães,4-3-3,4-2-3-1,Jarred Gillett,Newcastle Utd
2025-03-10,20:00,Premier League,Matchweek 28,Mon,Away,W,1,0,West Ham,1.4,0.7,49,62463,Bruno Guimarães,4-3-3,3-5-2,Michael Salisbury,Newcastle Utd
2025-03-16,16:30,EFL Cup,Final,Sun,Neutral,W,2,1,Liverpool,1.7,1.2,34,88513,Bruno Guimarães,4-3-3,4-2-3-1,John Brooks,Newcastle Utd
2024-08-24,15:00,Premier League,Matchweek 2,Sat,Away,W,1,0,Southampton,2.2,0.1,36,31150,Morgan Gibbs-White,4-2-3-1,3-5-2,Samuel Barrott,Nott'ham Forest
2024-08-31,15:00,Premier League,Matchweek 3,Sat,Home,D,1,1,Wolves,1.0,0.7,52,29918,Morgan Gibbs-White,4-2-3-1,4-4-1-1,Simon Hooper,Nott'ham Forest
2024-11-02,15:00,Premier League,Matchweek 10,Sat,Home,W,3,0,West Ham,2.2,0.1,54,30112,Ryan Yates,4-2-3-1,3-4-3,Peter Bankes,Nott'ham Forest
2024-12-26,15:00,Premier League,Matchweek 18,Thu,Home,W,1,0,Tottenham,1.1,0.9,30,30200,Ryan Yates,4-2-3-1,4-2-3-1,Craig Pawson,Nott'ham Forest
2025-01-06,20:00,Premier League,Matchweek 20,Mon,Away,W,3,0,Wolves,2.1,1.5,40,29940,Morgan Gibbs-White,4-2-3-1,3-4-3,Peter Bankes,Nott'ham Forest
2025-01-11,15:00,FA Cup,Third round proper,Sat,Home,W,2,0,Luton Town,1.2,1.3,51,29445,Ryan Yates,3-4-3,4-2-3-1,Darren England,Nott'ham Forest
2025-01-19,14:00,Premier League,Matchweek 22,Sun,Home,W,3,2,Southampton,1.8,0.9,45,30180,Morgan Gibbs-White,4-2-3-1,3-4-1-2,Anthony Taylor,Nott'ham Forest
2025-02-11,20:00,FA Cup,Fourth round proper,Tue,Away,W,4,2,Exeter City,1.2,1.3,77,8330,Ryan Yates,4-2-3-1,5-4-1,Andrew Kitchen,Nott'ham Forest
2025-04-21,20:00,Premier League,Matchweek 33,Mon,Away,W,2,1,Tottenham,0.5,2.1,31,59314,Morgan Gibbs-White,4-2-2-2,4-3-3,Peter Bankes,Nott'ham Forest
2025-05-18,14:15,Premier League,Matchweek 37,Sun,Away,W,2,1,West Ham,1.9,1.1,40,62466,Morgan Gibbs-White,4-3-1-2,3-4-1-2,Samuel Barrott,Nott'ham Forest
2024-08-28,19:45,EFL Cup,Second round,Wed,Away,W,5,3,Cardiff City,0.9,2.2,73,7225,Charlie Taylor,4-3-3,4-2-3-1,Oussama Edderkaoui,Southampton
2024-10-29,19:45,EFL Cup,Fourth round,Tue,Home,W,3,2,Stoke City,0.9,2.2,78,16092,Adam Armstrong,4-3-3,5-4-1,Lewis Smith,Southampton
2024-11-09,15:00,Premier League,Matchweek 11,Sat,Away,L,0,2,Wolves,0.6,1.3,71,31403,Jack Stephens,5-4-1,4-2-3-1,Thomas Bramall,Southampton
2024-12-15,19:00,Premier League,Matchweek 16,Sun,Home,L,0,5,Tottenham,0.8,2.3,42,31090,Adam Armstrong,4-3-1-2,4-2-3-1,Darren England,Southampton
2024-12-26,15:00,Premier League,Matchweek 18,Thu,Home,L,0,1,West Ham,1.4,1.7,54,31059,Jan Bednarek,3-4-1-2,4-1-4-1,Lewis Smith,Southampton
2025-01-12,16:30,FA Cup,Third round proper,Sun,Home,W,3,0,Swansea City,0.9,2.2,51,12120,Jan Bednarek,3-4-1-2,4-2-3-1,Tony Harrington,Southampton
2025-02-08,15:00,FA Cup,Fourth round proper,Sat,Home,L,0,1,Burnley,0.9,2.2,58,15253,Jan Bednarek,3-4-1-2,5-4-1,Will Finnie,Southampton
2025-03-15,15:00,Premier League,Matchweek 29,Sat,Home,L,1,2,Wolves,1.3,0.4,60,30950,Aaron Ramsdale,3-4-3,3-4-3,Robert Jones,Southampton
2025-04-06,14:00,Premier League,Matchweek 31,Sun,Away,L,1,3,Tottenham,1.0,2.1,49,60984,Jan Bednarek,4-2-3-1,4-3-3,Michael Salisbury,Southampton
2025-04-19,15:00,Premier League,Matchweek 33,Sat,Away,D,1,1,West Ham,0.6,0.9,48,62461,Jack Stephens,3-4-3,4-2-3-1,Andrew Kitchen,Southampton
2024-09-18,20:00,EFL Cup,Third round,Wed,Away,W,2,1,Coventry City,1.6,1.6,70,24616,Ben Davies,4-3-3,4-2-3-1,Darren England,Tottenham
2024-09-26,20:00,Europa Lg,League phase,Thu,Home,W,3,0,Qarabağ,1.4,2.2,49,51757,Son Heung-min,4-3-3,4-2-3-1,Willy Delajod,Tottenham
2024-10-03,18:45,Europa Lg,League phase,Thu,Away,W,2,1,Ferencváros,1.3,1.3,58,20795,Cristian Romero,4-3-3,4-2-3-1,Igor Pajač,Tottenham
2024-10-19,12:30,Premier League,Matchweek 8,Sat,Home,W,4,1,West Ham,1.9,0.8,57,61381,Son Heung-min,4-3-3,4-1-4-1,Andy Madley,Tottenham
2024-10-24,20:00,Europa Lg,League phase,Thu,Home,W,1,0,AZ Alkmaar,1.9,0.4,59,53438,James Maddison,4-3-3,4-3-3,Manfredas Lukjančukas,Tottenham
2024-11-07,20:45,Europa Lg,League phase,Thu,Away,L,2,3,Galatasaray,1.9,2.9,46,51739,Son Heung-min,4-3-3,3-4-1-2,Lawrence Visser,Tottenham
2024-11-28,20:00,Europa Lg,League phase,Thu,Home,D,2,2,Roma,3.2,2.1,49,53378,Son Heung-min,4-3-3,3-4-3,Glenn Nyberg,Tottenham
2024-12-12,20:00,Europa Lg,League phase,Thu,Away,D,1,1,sct Rangers,1.0,1.3,58,48064,Son Heung-min,4-2-3-1,4-2-3-1,Sandro Schärer,Tottenham
2024-12-29,15:00,Premier League,Matchweek 19,Sun,Home,D,2,2,Wolves,2.2,0.7,48,61284,Son Heung-min,4-2-3-1,3-4-3,Chris Kavanagh,Tottenham
2025-01-12,12:30,FA Cup,Third round proper,Sun,Away,W,3,0,Tamworth,1.6,1.6,51,3720,James Maddison,4-3-3,4-2-3-1,Peter Bankes,Tottenham
2025-01-23,18:45,Europa Lg,League phase,Thu,Away,W,3,2,Hoffenheim,1.8,2.5,44,30150,Son Heung-min,4-3-3,4-2-2-2,Morten Krogh,Tottenham
2025-01-30,20:00,Europa Lg,League phase,Thu,Home,W,3,0,Elfsborg,1.5,0.4,80,57337,Son Heung-min,4-3-3,3-4-3,Sebastian Gishamer,Tottenham
2025-03-06,18:45,Europa Lg,Round of 16,Thu,Away,L,0,1,AZ Alkmaar,0.5,1.6,61,18281,Son Heung-min,4-3-3,4-2-3-1,Rade Obrenović,Tottenham
2025-03-13,20:00,Europa Lg,Round of 16,Thu,Home,W,3,1,AZ Alkmaar,2.1,1.2,59,58302,Son Heung-min,4-3-3,4-2-3-1,João Pinheiro,Tottenham
2025-04-10,20:00,Europa Lg,Quarter-finals,Thu,Home,D,1,1,Eint Frankfurt,0.9,0.3,56,57849,Son Heung-min,4-3-3,4-2-3-1,Szymon Marciniak,Tottenham
2025-04-13,14:00,Premier League,Matchweek 32,Sun,Away,L,2,4,Wolves,2.0,2.4,63,31463,Cristian Romero,4-3-3,3-4-3,Anthony Taylor,Tottenham
2025-04-17,21:00,Europa Lg,Quarter-finals,Thu,Away,W,1,0,Eint Frankfurt,1.5,0.9,39,57500,Cristian Romero,4-3-3,4-2-3-1,Davide Massa,Tottenham
2025-05-01,20:00,Europa Lg,Semi-finals,Thu,Home,W,3,1,Bodø/Glimt,3.0,0.3,42,61327,Cristian Romero,4-3-3,4-3-3,Jose Maria Sánchez,Tottenham
2025-05-04,14:00,Premier League,Matchweek 35,Sun,Away,D,1,1,West Ham,0.8,0.8,45,62468,Guglielmo Vicario,4-3-3,3-4-3,Michael Oliver,Tottenham
2025-05-08,21:00,Europa Lg,Semi-finals,Thu,Away,W,2,0,Bodø/Glimt,0.7,0.5,33,8030,Cristian Romero,4-2-3-1,4-3-3,Maurizio Mariani,Tottenham
2025-05-21,21:00,Europa Lg,Final,Wed,Neutral,W,1,0,eng Manchester Utd,1.0,1.0,28,49924,Cristian Romero,4-2-3-1,3-4-3,Felix Zwayer,Tottenham
2024-12-09,20:00,Premier League,Matchweek 15,Mon,Home,W,2,1,Wolves,1.0,1.4,54,62474,Jarrod Bowen,4-2-3-1,3-4-3,John Brooks,West Ham
2025-04-01,19:45,Premier League,Matchweek 30,Tue,Away,L,0,1,Wolves,1.3,1.2,58,29587,Jarrod Bowen,3-4-3,3-4-3,Tony Harrington,West Ham
2024-08-28,19:30,EFL Cup,Second round,Wed,Home,W,2,0,Burnley,1.1,1.5,50,19236,Craig Dawson,4-2-3-1,4-4-1-1,Joshua Smith,Wolves
2025-01-11,12:00,FA Cup,Third round proper,Sat,Away,W,2,1,Bristol City,1.1,1.5,51,23485,Matt Doherty,3-4-3,3-4-3,Robert Jones,Wolves
2025-02-09,12:30,FA Cup,Fourth round proper,Sun,Away,W,2,0,Blackburn,1.1,1.5,53,15141,Nélson Semedo,3-4-3,4-2-3-1,Lewis Smith,Wolves
